country_txt,iyear,country,nkill,nwound
Afghanistan,1973,1,0,1
Afghanistan,1979,3,53,1
Afghanistan,1987,1,0,2
Afghanistan,1988,11,128,106
Afghanistan,1989,10,10,84
Afghanistan,1990,2,12,122
Afghanistan,1991,30,68,127
Afghanistan,1992,36,49,185
Afghanistan,1994,9,22,30
Afghanistan,1995,6,5,10
Afghanistan,1996,4,31,30
Afghanistan,1997,1,4,37
Afghanistan,1998,1,8,30
Afghanistan,1999,9,39,41
Afghanistan,2000,14,38,11
Afghanistan,2001,14,174,59
Afghanistan,2002,38,74,297
Afghanistan,2003,100,163,186
Afghanistan,2004,88,275,263
Afghanistan,2005,155,367,411
Afghanistan,2006,283,736,922
Afghanistan,2007,342,1201,1156
Afghanistan,2008,414,1092,1331
Afghanistan,2009,503,1065,1604
Afghanistan,2010,542,1157,1701
Afghanistan,2011,421,1525,1941
Afghanistan,2012,1469,3521,4661
Afghanistan,2013,1443,3709,4322
Afghanistan,2014,1824,5414,5111
Afghanistan,2015,1928,6216,6987
Afghanistan,2016,1617,6142,6485
Afghanistan,2017,1414,6092,6022
Afghanistan,2018,1776,9812,7845
Albania,1981,1,0,0
Albania,1990,1,0,0
Albania,1991,1,0,0
Albania,1992,3,1,0
Albania,1994,2,1,0
Albania,1996,6,7,37
Albania,1997,41,26,77
Albania,1998,7,0,5
Albania,1999,3,6,5
Albania,2000,2,0,0
Albania,2001,1,0,0
Albania,2003,1,0,0
Albania,2009,1,0,0
Albania,2013,1,0,0
Albania,2014,2,1,2
Albania,2015,4,0,0
Albania,2016,2,0,0
Albania,2017,1,0,0
Algeria,1972,1,0,0
Algeria,1976,1,0,0
Algeria,1978,1,0,1
Algeria,1979,1,0,0
Algeria,1990,2,3,1
Algeria,1991,30,42,73
Algeria,1992,215,236,274
Algeria,1994,227,500,133
Algeria,1995,185,418,1061
Algeria,1996,129,529,1118
Algeria,1997,344,4266,1861
Algeria,1998,151,952,949
Algeria,1999,106,467,325
Algeria,2000,138,528,275
Algeria,2001,113,624,253
Algeria,2002,132,615,320
Algeria,2003,75,269,112
Algeria,2004,67,166,187
Algeria,2005,104,228,228
Algeria,2006,152,185,266
Algeria,2007,124,241,697
Algeria,2008,107,249,328
Algeria,2009,108,204,211
Algeria,2010,100,109,220
Algeria,2011,15,25,34
Algeria,2012,41,30,105
Algeria,2013,22,101,48
Algeria,2014,13,37,30
Algeria,2015,15,20,19
Algeria,2016,9,9,2
Algeria,2017,14,12,19
Algeria,2018,7,19,11
Andorra,1974,1,0,0
Angola,1977,1,0,0
Angola,1978,2,0,40
Angola,1979,3,19,30
Angola,1981,1,3,0
Angola,1982,2,2,0
Angola,1983,7,282,349
Angola,1984,11,179,70
Angola,1985,6,6,0
Angola,1986,5,119,23
Angola,1987,3,5,10
Angola,1988,12,145,138
Angola,1989,12,88,10
Angola,1990,205,147,217
Angola,1991,16,69,75
Angola,1992,50,97,56
Angola,1994,9,108,75
Angola,1995,10,52,26
Angola,1996,4,18,6
Angola,1997,7,34,32
Angola,1998,20,275,47
Angola,1999,34,299,299
Angola,2000,22,178,43
Angola,2001,40,846,474
Angola,2002,6,59,17
Angola,2009,1,2,0
Angola,2010,2,4,7
Angola,2016,2,0,0
Angola,2017,6,7,411
Antigua and Barbuda,1992,1,0,0
Argentina,1970,21,5,2
Argentina,1971,7,5,0
Argentina,1972,20,5,0
Argentina,1973,60,16,4
Argentina,1974,71,21,12
Argentina,1975,38,123,16
Argentina,1976,54,122,90
Argentina,1977,17,7,12
Argentina,1978,25,13,11
Argentina,1979,16,11,12
Argentina,1980,6,0,1
Argentina,1981,2,0,0
Argentina,1982,9,1,0
Argentina,1983,18,1,3
Argentina,1984,46,1,4
Argentina,1985,43,2,10
Argentina,1986,33,2,12
Argentina,1987,80,3,11
Argentina,1988,33,1,20
Argentina,1989,32,26,17
Argentina,1990,31,1,1
Argentina,1991,27,1,7
Argentina,1992,41,33,224
Argentina,1994,14,86,266
Argentina,1995,16,0,1
Argentina,1996,19,1,12
Argentina,1997,11,3,2
Argentina,1999,1,0,0
Argentina,2001,2,0,1
Argentina,2003,1,0,0
Argentina,2005,3,0,0
Argentina,2009,1,0,0
Argentina,2010,5,0,0
Argentina,2011,1,0,0
Argentina,2012,2,0,0
Argentina,2013,2,0,2
Argentina,2014,1,0,0
Argentina,2015,1,0,0
Argentina,2016,2,0,2
Argentina,2017,3,0,0
Argentina,2018,5,0,4
Armenia,1991,1,0,0
Armenia,1992,2,2,1
Armenia,1994,4,15,46
Armenia,1995,1,2,20
Armenia,1996,1,2,0
Armenia,1998,2,0,1
Armenia,1999,2,8,0
Armenia,2000,2,0,0
Armenia,2001,2,1,0
Armenia,2007,1,0,0
Armenia,2009,1,1,0
Armenia,2013,1,0,1
Armenia,2015,2,0,1
Armenia,2016,2,6,1
Armenia,2018,1,0,0
Australia,1970,1,0,0
Australia,1971,1,0,0
Australia,1972,8,1,0
Australia,1974,1,0,0
Australia,1978,2,2,9
Australia,1979,2,0,9
Australia,1980,6,2,3
Australia,1981,1,1,0
Australia,1982,2,0,3
Australia,1986,2,1,22
Australia,1988,3,0,0
Australia,1989,2,0,0
Australia,1991,4,0,0
Australia,1992,4,1,4
Australia,1994,9,3,8
Australia,1995,5,0,0
Australia,1996,5,2,1
Australia,1997,4,0,23
Australia,1998,6,0,2
Australia,2000,1,0,0
Australia,2001,2,0,0
Australia,2006,2,0,0
Australia,2008,3,0,0
Australia,2009,1,0,0
Australia,2010,1,0,0
Australia,2013,1,0,0
Australia,2014,8,4,7
Australia,2015,14,2,0
Australia,2016,9,0,1
Australia,2017,4,4,21
Australia,2018,3,2,3
Austria,1972,7,4,5
Austria,1973,2,0,0
Austria,1974,1,0,0
Austria,1975,2,4,11
Austria,1976,4,0,0
Austria,1977,5,1,1
Austria,1978,1,0,0
Austria,1979,5,0,6
Austria,1980,2,0,8
Austria,1981,3,3,20
Austria,1982,11,0,0
Austria,1984,4,2,1
Austria,1985,4,4,50
Austria,1986,4,0,0
Austria,1987,4,0,1
Austria,1988,1,0,1
Austria,1989,2,3,0
Austria,1990,1,0,0
Austria,1991,3,0,0
Austria,1992,8,0,1
Austria,1994,5,0,3
Austria,1995,12,6,6
Austria,1996,4,0,1
Austria,1997,1,0,0
Austria,1998,1,0,0
Austria,2006,1,0,0
Austria,2007,1,0,0
Austria,2008,7,0,0
Austria,2009,3,1,9
Austria,2011,1,0,0
Austria,2013,1,0,2
Austria,2016,3,0,0
Austria,2017,1,2,0
Austria,2018,1,1,1
Azerbaijan,1991,3,26,4
Azerbaijan,1992,12,186,50
Azerbaijan,1994,11,30,104
Azerbaijan,1995,2,0,0
Azerbaijan,1996,2,2,0
Azerbaijan,1997,1,1,0
Azerbaijan,2000,1,0,3
Azerbaijan,2001,4,1,6
Azerbaijan,2002,1,0,1
Azerbaijan,2007,1,0,0
Azerbaijan,2008,2,5,13
Azerbaijan,2009,2,1,2
Azerbaijan,2014,3,0,1
Azerbaijan,2016,2,1,1
Azerbaijan,2017,2,5,2
Azerbaijan,2018,1,0,1
Bahamas,1976,1,0,0
Bahamas,1981,1,0,0
Bahamas,1997,2,1,0
Bahamas,2013,1,0,0
Bahrain,1979,1,0,0
Bahrain,1980,1,0,0
Bahrain,1991,1,1,0
Bahrain,1994,1,0,3
Bahrain,1995,8,1,2
Bahrain,1996,16,8,15
Bahrain,1997,11,5,2
Bahrain,2003,1,0,0
Bahrain,2006,1,0,0
Bahrain,2008,1,1,2
Bahrain,2010,2,0,0
Bahrain,2011,1,0,0
Bahrain,2012,26,4,37
Bahrain,2013,52,3,39
Bahrain,2014,42,9,39
Bahrain,2015,18,5,22
Bahrain,2016,3,1,2
Bahrain,2017,21,6,26
Bahrain,2018,1,0,1
Bangladesh,1977,1,0,1
Bangladesh,1979,1,0,0
Bangladesh,1980,1,6,80
Bangladesh,1981,1,6,2
Bangladesh,1982,1,0,4
Bangladesh,1984,1,1,0
Bangladesh,1985,1,0,13
Bangladesh,1986,11,54,263
Bangladesh,1987,6,26,2
Bangladesh,1988,36,87,166
Bangladesh,1989,36,131,196
Bangladesh,1990,22,66,132
Bangladesh,1991,42,69,454
Bangladesh,1992,76,101,491
Bangladesh,1994,68,30,657
Bangladesh,1995,74,35,892
Bangladesh,1996,161,89,1463
Bangladesh,1997,17,14,349
Bangladesh,1998,2,0,1
Bangladesh,1999,11,30,185
Bangladesh,2000,23,11,34
Bangladesh,2001,15,57,258
Bangladesh,2002,5,21,440
Bangladesh,2003,4,3,13
Bangladesh,2004,11,43,384
Bangladesh,2005,23,44,404
Bangladesh,2006,23,19,57
Bangladesh,2007,9,1,10
Bangladesh,2008,19,9,48
Bangladesh,2009,27,18,46
Bangladesh,2010,22,15,28
Bangladesh,2011,13,9,6
Bangladesh,2012,18,8,32
Bangladesh,2013,139,16,117
Bangladesh,2014,130,38,114
Bangladesh,2015,469,86,720
Bangladesh,2016,89,76,90
Bangladesh,2017,41,25,73
Bangladesh,2018,33,13,41
Barbados,1976,2,73,0
Barbados,1992,1,3,3
Belarus,1994,1,0,0
Belarus,1997,2,1,0
Belarus,1999,1,0,0
Belarus,2001,1,0,0
Belarus,2006,1,0,1
Belarus,2008,1,0,50
Belarus,2010,2,0,0
Belarus,2011,1,13,161
Belarus,2012,3,0,0
Belgium,1970,1,0,0
Belgium,1972,4,0,1
Belgium,1973,1,0,0
Belgium,1974,5,0,1
Belgium,1976,1,0,0
Belgium,1977,1,0,0
Belgium,1978,8,1,0
Belgium,1979,8,1,42
Belgium,1980,8,2,20
Belgium,1981,6,6,97
Belgium,1982,1,0,4
Belgium,1983,8,2,7
Belgium,1984,10,0,1
Belgium,1985,21,10,20
Belgium,1986,3,0,2
Belgium,1987,1,1,0
Belgium,1988,5,1,0
Belgium,1989,7,4,3
Belgium,1990,2,2,0
Belgium,1991,6,1,0
Belgium,1992,9,1,0
Belgium,1994,5,0,16
Belgium,1995,1,0,0
Belgium,1997,2,4,0
Belgium,1998,3,0,0
Belgium,1999,2,0,0
Belgium,2002,3,0,0
Belgium,2003,8,0,20
Belgium,2007,1,0,0
Belgium,2009,1,0,0
Belgium,2012,1,1,1
Belgium,2014,2,4,3
Belgium,2016,6,36,276
Belgium,2017,3,2,2
Belgium,2018,3,4,7
Belize,1980,1,0,0
Belize,1991,3,2,0
Belize,1992,2,1,0
Belize,2000,1,0,0
Belize,2013,1,0,0
Benin,1992,1,0,1
Benin,1994,3,0,3
Benin,1995,1,0,0
Benin,1996,2,0,0
Benin,2007,1,0,4
Bhutan,2006,1,4,0
Bhutan,2008,3,5,3
Bhutan,2011,1,0,2
Bhutan,2014,1,0,0
Bolivia,1970,1,0,0
Bolivia,1971,2,0,0
Bolivia,1974,1,0,0
Bolivia,1976,1,0,0
Bolivia,1977,1,0,0
Bolivia,1978,3,0,0
Bolivia,1979,14,0,7
Bolivia,1980,35,11,51
Bolivia,1981,5,1,1
Bolivia,1982,27,0,1
Bolivia,1983,27,0,3
Bolivia,1984,14,1,3
Bolivia,1985,13,0,0
Bolivia,1986,4,1,0
Bolivia,1987,14,1,25
Bolivia,1988,11,2,0
Bolivia,1989,40,2,0
Bolivia,1990,11,6,33
Bolivia,1991,28,7,1
Bolivia,1992,38,5,4
Bolivia,1994,8,1,21
Bolivia,1995,2,0,0
Bolivia,1996,1,0,0
Bolivia,1997,4,4,7
Bolivia,2003,1,0,0
Bolivia,2005,1,0,0
Bolivia,2007,3,0,0
Bolivia,2009,3,0,7
Bolivia,2012,1,0,2
Bolivia,2018,2,12,60
Bosnia-Herzegovina,1992,22,55,22
Bosnia-Herzegovina,1994,9,3,5
Bosnia-Herzegovina,1995,6,2,3
Bosnia-Herzegovina,1996,33,2,12
Bosnia-Herzegovina,1997,42,5,68
Bosnia-Herzegovina,1998,9,2,3
Bosnia-Herzegovina,1999,5,1,4
Bosnia-Herzegovina,2000,6,1,3
Bosnia-Herzegovina,2001,2,0,0
Bosnia-Herzegovina,2002,3,0,0
Bosnia-Herzegovina,2003,1,0,0
Bosnia-Herzegovina,2005,1,0,1
Bosnia-Herzegovina,2006,1,0,0
Bosnia-Herzegovina,2007,2,1,2
Bosnia-Herzegovina,2008,4,2,10
Bosnia-Herzegovina,2009,1,0,0
Bosnia-Herzegovina,2010,1,1,6
Bosnia-Herzegovina,2011,1,0,1
Bosnia-Herzegovina,2013,1,0,0
Bosnia-Herzegovina,2014,3,0,4
Bosnia-Herzegovina,2015,6,4,6
Bosnia-Herzegovina,2018,2,0,1
Botswana,1974,1,1,0
Botswana,1985,1,0,1
Botswana,1987,1,3,4
Botswana,1988,3,1,5
Botswana,1989,2,0,0
Botswana,1990,1,6,0
Botswana,1995,1,0,1
Brazil,1970,6,2,1
Brazil,1971,3,0,0
Brazil,1972,3,0,1
Brazil,1973,2,0,15
Brazil,1976,5,0,1
Brazil,1977,1,0,1
Brazil,1978,5,1,1
Brazil,1979,6,4,0
Brazil,1980,19,19,3
Brazil,1981,11,2,3
Brazil,1982,4,27,0
Brazil,1983,8,0,12
Brazil,1984,5,0,1
Brazil,1985,1,0,0
Brazil,1986,3,14,0
Brazil,1987,1,0,11
Brazil,1988,2,0,0
Brazil,1989,5,1,0
Brazil,1990,7,3,4
Brazil,1991,24,12,17
Brazil,1992,24,28,10
Brazil,1994,19,15,4
Brazil,1995,23,13,40
Brazil,1996,18,22,9
Brazil,1997,39,28,15
Brazil,1998,2,0,0
Brazil,1999,1,1,0
Brazil,2000,2,0,0
Brazil,2001,3,1,0
Brazil,2002,1,0,0
Brazil,2003,1,0,0
Brazil,2006,3,1,11
Brazil,2012,1,1,0
Brazil,2013,3,2,0
Brazil,2014,3,2,0
Brazil,2015,5,3,0
Brazil,2016,2,1,0
Brazil,2017,2,0,0
Brazil,2018,11,10,8
Brunei,1972,5,0,0
Brunei,1992,1,0,1
Bulgaria,1982,2,2,0
Bulgaria,1984,1,0,0
Bulgaria,1990,5,0,0
Bulgaria,1991,3,0,0
Bulgaria,1992,2,0,0
Bulgaria,1994,2,1,1
Bulgaria,1995,2,3,0
Bulgaria,1996,12,9,3
Bulgaria,1997,3,0,0
Bulgaria,1998,2,0,1
Bulgaria,1999,1,0,0
Bulgaria,2000,2,4,0
Bulgaria,2001,1,0,0
Bulgaria,2002,1,1,0
Bulgaria,2008,2,0,0
Bulgaria,2011,2,0,0
Bulgaria,2012,2,8,30
Bulgaria,2013,3,0,0
Bulgaria,2014,1,0,0
Bulgaria,2015,2,0,0
Bulgaria,2016,1,0,1
Bulgaria,2018,1,0,1
Burkina Faso,1984,1,1,0
Burkina Faso,1991,2,1,2
Burkina Faso,2013,1,1,0
Burkina Faso,2015,6,16,132
Burkina Faso,2016,10,62,40
Burkina Faso,2017,32,53,45
Burkina Faso,2018,70,116,131
Burundi,1991,7,117,41
Burundi,1992,2,61,19
Burundi,1994,16,265,158
Burundi,1995,83,583,300
Burundi,1996,35,1371,286
Burundi,1997,79,386,507
Burundi,1998,13,392,129
Burundi,1999,13,108,63
Burundi,2000,17,97,23
Burundi,2001,37,166,49
Burundi,2002,18,67,56
Burundi,2003,18,116,24
Burundi,2004,1,18,0
Burundi,2005,5,13,17
Burundi,2006,5,21,54
Burundi,2007,3,3,2
Burundi,2008,7,28,46
Burundi,2010,29,14,55
Burundi,2011,8,47,30
Burundi,2012,4,6,22
Burundi,2013,2,5,12
Burundi,2014,5,4,1
Burundi,2015,102,223,220
Burundi,2016,83,74,213
Burundi,2017,21,20,127
Burundi,2018,10,36,80
Cambodia,1971,2,2,10
Cambodia,1972,2,1,0
Cambodia,1978,1,1,0
Cambodia,1989,2,11,0
Cambodia,1990,2,0,0
Cambodia,1991,3,16,18
Cambodia,1992,67,64,148
Cambodia,1994,39,225,88
Cambodia,1995,56,21,98
Cambodia,1996,33,44,78
Cambodia,1997,18,100,284
Cambodia,1998,7,35,5
Cambodia,1999,8,1,18
Cambodia,2000,4,12,23
Cambodia,2001,7,4,13
Cambodia,2002,3,4,1
Cambodia,2003,1,1,0
Cambodia,2008,2,1,2
Cambodia,2013,2,0,0
Cambodia,2018,1,0,0
Cameroon,1991,4,36,0
Cameroon,1992,6,6,5
Cameroon,1994,6,33,6
Cameroon,1995,2,5,1
Cameroon,1998,1,0,0
Cameroon,2007,1,31,0
Cameroon,2008,1,3,0
Cameroon,2009,1,0,0
Cameroon,2010,3,5,2
Cameroon,2011,3,4,0
Cameroon,2013,3,7,0
Cameroon,2014,68,789,19
Cameroon,2015,83,931,463
Cameroon,2016,56,269,324
Cameroon,2017,110,244,248
Cameroon,2018,235,296,224
Canada,1970,2,1,0
Canada,1972,4,1,7
Canada,1974,1,0,0
Canada,1980,3,0,0
Canada,1982,5,1,8
Canada,1983,1,0,0
Canada,1985,3,331,2
Canada,1986,2,0,1
Canada,1989,1,15,14
Canada,1992,3,0,2
Canada,1994,4,0,1
Canada,1995,5,1,1
Canada,1996,1,0,1
Canada,1997,2,0,1
Canada,1998,4,1,0
Canada,1999,2,0,2
Canada,2000,5,0,30
Canada,2004,2,0,0
Canada,2006,2,0,0
Canada,2008,5,0,9
Canada,2009,4,0,0
Canada,2010,2,0,0
Canada,2012,3,0,0
Canada,2013,4,0,0
Canada,2014,3,7,6
Canada,2015,5,0,2
Canada,2016,6,1,34
Canada,2017,12,6,25
Canada,2018,6,13,43
Central African Republic,1981,1,3,0
Central African Republic,1986,1,0,0
Central African Republic,1991,4,3,7
Central African Republic,1992,1,1,0
Central African Republic,1994,1,2,5
Central African Republic,1996,1,2,0
Central African Republic,2000,1,1,0
Central African Republic,2001,1,7,0
Central African Republic,2006,1,4,1
Central African Republic,2007,1,1,0
Central African Republic,2008,2,1,0
Central African Republic,2009,5,38,14
Central African Republic,2010,13,46,23
Central African Republic,2011,3,35,3
Central African Republic,2012,4,14,16
Central African Republic,2013,20,120,71
Central African Republic,2014,94,751,298
Central African Republic,2015,48,171,91
Central African Republic,2016,38,189,174
Central African Republic,2017,43,601,239
Central African Republic,2018,46,227,379
Chad,1974,1,0,0
Chad,1984,1,0,25
Chad,1985,1,0,0
Chad,1986,1,0,1
Chad,1991,2,40,0
Chad,1992,4,170,0
Chad,1994,1,1,3
Chad,1995,3,0,0
Chad,1996,1,1,0
Chad,1997,1,2,2
Chad,1998,1,0,0
Chad,1999,1,77,0
Chad,2002,4,21,1
Chad,2006,11,103,3
Chad,2007,7,136,138
Chad,2008,8,172,1011
Chad,2009,3,0,1
Chad,2010,1,0,0
Chad,2014,1,6,0
Chad,2015,27,306,427
Chad,2016,5,22,68
Chad,2017,6,62,1
Chad,2018,12,112,13
Chile,1973,7,0,0
Chile,1976,2,0,1
Chile,1977,6,0,0
Chile,1978,8,0,2
Chile,1979,49,6,3
Chile,1980,41,6,11
Chile,1981,34,19,2
Chile,1982,21,2,2
Chile,1983,106,15,25
Chile,1984,563,37,158
Chile,1985,232,30,148
Chile,1986,243,22,128
Chile,1987,173,9,29
Chile,1988,185,19,81
Chile,1989,146,19,20
Chile,1990,161,8,38
Chile,1991,127,16,30
Chile,1992,116,12,13
Chile,1994,15,0,7
Chile,1995,17,1,5
Chile,1996,8,2,4
Chile,1997,6,0,10
Chile,1998,1,0,0
Chile,1999,3,0,0
Chile,2000,2,0,0
Chile,2001,3,0,0
Chile,2002,1,0,1
Chile,2003,2,0,0
Chile,2006,1,0,1
Chile,2007,8,0,0
Chile,2008,4,0,0
Chile,2009,8,0,1
Chile,2010,5,0,1
Chile,2011,6,0,1
Chile,2012,2,0,0
Chile,2013,5,2,1
Chile,2014,17,1,26
Chile,2015,1,0,0
Chile,2016,18,2,4
Chile,2017,12,0,2
Chile,2018,45,0,6
China,1989,3,20,12
China,1990,1,2,10
China,1991,1,0,0
China,1992,5,9,20
China,1994,13,18,96
China,1995,8,6,198
China,1996,62,23,106
China,1997,18,37,104
China,1998,2,50,150
China,1999,2,5,50
China,2000,4,1,2
China,2001,12,7,37
China,2002,2,1,18
China,2003,3,1,16
China,2004,2,4,5
China,2005,1,12,2
China,2008,20,39,150
China,2009,7,186,56
China,2010,1,7,14
China,2011,4,19,32
China,2012,4,27,38
China,2013,12,60,71
China,2014,37,322,478
China,2015,17,123,83
China,2016,5,13,18
China,2017,6,16,76
China,2018,1,2,2
Colombia,1970,1,0,0
Colombia,1972,2,1,0
Colombia,1973,6,0,0
Colombia,1975,10,7,0
Colombia,1976,22,10,13
Colombia,1977,80,38,29
Colombia,1978,158,71,23
Colombia,1979,140,156,54
Colombia,1980,141,159,32
Colombia,1981,172,365,49
Colombia,1982,222,368,111
Colombia,1983,234,437,75
Colombia,1984,237,485,296
Colombia,1985,382,935,365
Colombia,1986,307,771,96
Colombia,1987,337,655,277
Colombia,1988,427,1096,419
Colombia,1989,492,751,510
Colombia,1990,349,694,747
Colombia,1991,420,742,420
Colombia,1992,523,631,449
Colombia,1994,201,218,115
Colombia,1995,123,521,326
Colombia,1996,409,611,476
Colombia,1997,598,1230,637
Colombia,1998,94,592,176
Colombia,1999,116,262,246
Colombia,2000,137,426,181
Colombia,2001,207,576,435
Colombia,2002,150,356,648
Colombia,2003,98,184,557
Colombia,2004,37,83,213
Colombia,2005,42,145,106
Colombia,2006,43,79,94
Colombia,2007,30,64,103
Colombia,2008,133,85,238
Colombia,2009,139,107,226
Colombia,2010,136,56,141
Colombia,2011,94,43,85
Colombia,2012,115,168,456
Colombia,2013,150,137,263
Colombia,2014,231,143,314
Colombia,2015,136,104,138
Colombia,2016,110,52,72
Colombia,2017,119,84,118
Colombia,2018,205,132,186
Comoros,1992,1,1,0
Comoros,1994,1,0,0
Comoros,1997,3,0,2
Comoros,2018,2,0,1
Costa Rica,1971,1,0,0
Costa Rica,1976,12,0,6
Costa Rica,1977,5,0,0
Costa Rica,1978,2,0,0
Costa Rica,1979,2,3,0
Costa Rica,1980,3,0,1
Costa Rica,1981,10,4,5
Costa Rica,1982,6,4,10
Costa Rica,1983,3,0,0
Costa Rica,1984,2,0,0
Costa Rica,1985,5,0,0
Costa Rica,1986,1,0,3
Costa Rica,1987,3,0,0
Costa Rica,1988,2,0,6
Costa Rica,1989,1,1,2
Costa Rica,1990,1,0,0
Costa Rica,1991,2,0,0
Costa Rica,1992,2,0,0
Costa Rica,1994,1,1,0
Costa Rica,1996,1,1,4
Costa Rica,1997,1,2,1
Costa Rica,2001,1,1,0
Croatia,1991,26,237,35
Croatia,1992,4,2,20
Croatia,1994,4,3,0
Croatia,1995,1,1,2
Croatia,1996,3,0,1
Croatia,1997,8,2,2
Croatia,2000,2,3,8
Croatia,2001,3,0,0
Croatia,2005,1,0,1
Croatia,2008,2,0,0
Croatia,2009,1,0,3
Croatia,2013,2,0,1
Cuba,1991,1,0,0
Cuba,1992,4,3,1
Cuba,1994,9,3,6
Cuba,1996,1,0,0
Cuba,1997,14,1,3
Cuba,2007,1,1,0
Cyprus,1973,3,1,1
Cyprus,1975,2,0,1
Cyprus,1977,1,0,0
Cyprus,1978,2,16,1
Cyprus,1979,5,2,0
Cyprus,1980,1,3,0
Cyprus,1981,3,0,6
Cyprus,1982,1,0,0
Cyprus,1983,2,0,1
Cyprus,1984,7,6,5
Cyprus,1985,7,3,0
Cyprus,1986,3,1,2
Cyprus,1987,10,1,2
Cyprus,1988,5,6,15
Cyprus,1989,6,1,1
Cyprus,1990,11,0,2
Cyprus,1991,11,0,0
Cyprus,1992,6,0,0
Cyprus,1994,6,2,0
Cyprus,1995,3,0,1
Cyprus,1996,10,3,3
Cyprus,1998,1,0,0
Cyprus,1999,1,0,0
Cyprus,2000,2,0,0
Cyprus,2001,1,0,0
Cyprus,2004,1,0,0
Cyprus,2007,1,0,0
Cyprus,2012,1,0,0
Cyprus,2013,9,0,0
Cyprus,2014,5,0,0
Cyprus,2015,3,0,0
Cyprus,2016,2,0,0
Czech Republic,1994,1,0,0
Czech Republic,1995,3,1,0
Czech Republic,1996,3,2,3
Czech Republic,1997,4,1,0
Czech Republic,2001,1,0,0
Czech Republic,2003,1,0,0
Czech Republic,2008,2,0,20
Czech Republic,2009,1,0,4
Czech Republic,2011,1,0,0
Czech Republic,2013,1,1,0
Czech Republic,2014,5,1,1
Czech Republic,2015,4,0,0
Czech Republic,2016,2,0,1
Czech Republic,2017,3,0,0
Czechoslovakia,1972,1,26,0
Czechoslovakia,1989,4,0,0
Czechoslovakia,1990,1,0,20
Czechoslovakia,1991,1,1,0
Czechoslovakia,1992,3,0,3
Democratic Republic of the Congo,1997,1,8,0
Democratic Republic of the Congo,1998,4,67,0
Democratic Republic of the Congo,1999,3,7,0
Democratic Republic of the Congo,2000,3,40,9
Democratic Republic of the Congo,2001,5,15,5
Democratic Republic of the Congo,2002,7,16,32
Democratic Republic of the Congo,2003,6,154,1
Democratic Republic of the Congo,2004,5,22,11
Democratic Republic of the Congo,2005,5,31,36
Democratic Republic of the Congo,2006,5,23,1
Democratic Republic of the Congo,2007,11,72,53
Democratic Republic of the Congo,2008,20,319,26
Democratic Republic of the Congo,2009,54,824,155
Democratic Republic of the Congo,2010,18,118,12
Democratic Republic of the Congo,2011,16,50,8
Democratic Republic of the Congo,2012,25,288,165
Democratic Republic of the Congo,2013,22,150,72
Democratic Republic of the Congo,2014,110,366,170
Democratic Republic of the Congo,2015,143,371,244
Democratic Republic of the Congo,2016,169,532,176
Democratic Republic of the Congo,2017,143,596,193
Democratic Republic of the Congo,2018,163,993,271
Denmark,1978,1,0,0
Denmark,1979,3,0,2
Denmark,1980,1,0,0
Denmark,1981,6,0,6
Denmark,1985,4,1,10
Denmark,1986,2,0,0
Denmark,1987,2,0,0
Denmark,1988,1,0,0
Denmark,1989,1,0,0
Denmark,1991,1,0,0
Denmark,1992,4,1,0
Denmark,1995,6,0,0
Denmark,1999,1,0,0
Denmark,2008,1,0,2
Denmark,2010,1,0,1
Denmark,2013,1,0,0
Denmark,2015,5,2,6
Denmark,2016,1,1,3
Denmark,2018,1,0,0
Djibouti,1977,1,1,1
Djibouti,1979,1,4,3
Djibouti,1987,1,10,40
Djibouti,1988,2,0,0
Djibouti,1990,1,1,14
Djibouti,1991,1,8,26
Djibouti,1992,6,228,21
Djibouti,1994,2,6,15
Djibouti,1995,2,0,4
Djibouti,1997,1,11,16
Djibouti,2004,1,0,7
Djibouti,2014,1,5,15
Djibouti,2015,1,0,0
Djibouti,2017,1,0,0
Dominica,1981,2,3,10
Dominica,1997,1,0,0
Dominican Republic,1970,2,1,0
Dominican Republic,1971,3,0,0
Dominican Republic,1973,3,0,0
Dominican Republic,1974,2,0,0
Dominican Republic,1978,1,3,0
Dominican Republic,1979,2,1,1
Dominican Republic,1980,1,1,2
Dominican Republic,1982,2,5,3
Dominican Republic,1987,15,7,4
Dominican Republic,1988,2,0,4
Dominican Republic,1989,11,1,2
Dominican Republic,1990,2,3,3
Dominican Republic,1991,8,1,0
Dominican Republic,1992,11,1,10
Dominican Republic,1994,7,2,18
Dominican Republic,1996,3,3,11
Dominican Republic,1997,12,3,30
Dominican Republic,2013,1,0,0
Dominican Republic,2014,1,0,35
Dominican Republic,2017,1,2,1
East Germany (GDR),1970,12,0,0
East Germany (GDR),1971,4,0,0
East Germany (GDR),1974,1,1,0
East Germany (GDR),1977,1,0,0
East Germany (GDR),1978,1,0,1
East Germany (GDR),1982,1,0,0
East Germany (GDR),1983,1,0,0
East Germany (GDR),1984,1,0,1
East Germany (GDR),1985,4,0,0
East Germany (GDR),1986,3,1,34
East Germany (GDR),1987,1,0,1
East Germany (GDR),1988,4,0,0
East Germany (GDR),1989,1,0,0
East Germany (GDR),1990,3,0,0
East Timor,2000,4,1,1
East Timor,2003,2,5,5
East Timor,2005,1,0,0
East Timor,2007,2,1,0
East Timor,2008,1,2,1
Ecuador,1973,1,0,0
Ecuador,1974,3,0,2
Ecuador,1976,2,1,1
Ecuador,1977,7,1,0
Ecuador,1978,11,2,9
Ecuador,1979,2,0,0
Ecuador,1980,2,2,6
Ecuador,1981,2,2,2
Ecuador,1982,3,1,1
Ecuador,1983,10,0,0
Ecuador,1984,24,1,2
Ecuador,1985,12,4,2
Ecuador,1986,8,13,0
Ecuador,1987,6,0,1
Ecuador,1988,9,4,7
Ecuador,1989,14,9,2
Ecuador,1990,8,3,6
Ecuador,1991,17,0,0
Ecuador,1992,23,2,6
Ecuador,1994,6,0,2
Ecuador,1995,6,4,2
Ecuador,1996,5,2,2
Ecuador,1997,4,1,0
Ecuador,1998,3,0,1
Ecuador,1999,2,0,0
Ecuador,2000,4,0,1
Ecuador,2001,5,0,0
Ecuador,2002,2,0,3
Ecuador,2003,4,0,4
Ecuador,2004,2,0,0
Ecuador,2008,2,0,3
Ecuador,2009,1,0,0
Ecuador,2011,1,0,0
Ecuador,2012,1,0,0
Ecuador,2013,2,1,0
Ecuador,2015,1,0,0
Ecuador,2016,6,1,14
Ecuador,2017,3,0,0
Ecuador,2018,10,9,40
Egypt,1970,1,0,2
Egypt,1971,1,1,0
Egypt,1972,1,0,0
Egypt,1977,1,1,0
Egypt,1978,2,2,0
Egypt,1979,1,1,4
Egypt,1980,5,1,10
Egypt,1981,9,67,89
Egypt,1982,1,0,3
Egypt,1985,2,2,2
Egypt,1986,4,12,21
Egypt,1987,7,1,12
Egypt,1988,9,1,17
Egypt,1989,7,1,1
Egypt,1990,13,21,32
Egypt,1991,10,8,13
Egypt,1992,79,49,121
Egypt,1994,143,173,148
Egypt,1995,102,134,135
Egypt,1996,51,97,63
Egypt,1997,22,165,47
Egypt,1998,3,9,15
Egypt,1999,1,1,1
Egypt,2004,3,37,171
Egypt,2005,2,92,117
Egypt,2006,5,19,100
Egypt,2008,1,0,0
Egypt,2009,2,1,25
Egypt,2010,2,0,0
Egypt,2011,18,28,109
Egypt,2012,49,44,87
Egypt,2013,321,243,623
Egypt,2014,354,343,548
Egypt,2015,647,829,1047
Egypt,2016,376,609,633
Egypt,2017,225,878,627
Egypt,2018,54,98,118
El Salvador,1972,2,0,0
El Salvador,1973,1,0,0
El Salvador,1974,3,0,3
El Salvador,1975,3,2,0
El Salvador,1976,13,3,1
El Salvador,1977,6,4,0
El Salvador,1978,91,33,37
El Salvador,1979,326,286,93
El Salvador,1980,710,2383,277
El Salvador,1981,664,1578,359
El Salvador,1982,537,1549,193
El Salvador,1983,371,1667,458
El Salvador,1984,273,1315,487
El Salvador,1985,436,1013,279
El Salvador,1986,175,293,187
El Salvador,1987,234,421,317
El Salvador,1988,367,361,364
El Salvador,1989,356,350,612
El Salvador,1990,184,294,224
El Salvador,1991,500,426,1017
El Salvador,1992,29,23,38
El Salvador,1994,21,22,32
El Salvador,1995,9,3,16
El Salvador,1996,7,26,59
El Salvador,1997,2,1,9
Equatorial Guinea,1992,1,1,0
Equatorial Guinea,2009,1,1,3
Eritrea,1995,2,0,19
Eritrea,1996,1,6,0
Eritrea,2007,2,0,0
Eritrea,2008,2,4,10
Eritrea,2009,1,2,8
Eritrea,2010,1,17,20
Eritrea,2011,1,17,5
Estonia,1992,2,0,1
Estonia,1994,6,0,0
Estonia,1995,2,0,0
Estonia,1996,1,1,10
Estonia,1999,1,0,0
Estonia,2001,1,1,0
Estonia,2011,1,1,0
Estonia,2015,2,0,0
Ethiopia,1970,3,1,0
Ethiopia,1971,1,0,0
Ethiopia,1973,1,0,0
Ethiopia,1974,4,3,0
Ethiopia,1975,4,0,0
Ethiopia,1976,5,0,0
Ethiopia,1977,4,5,0
Ethiopia,1978,2,25,0
Ethiopia,1979,4,101,8
Ethiopia,1983,3,0,0
Ethiopia,1984,1,200,200
Ethiopia,1985,1,0,0
Ethiopia,1986,1,40,0
Ethiopia,1987,1,0,0
Ethiopia,1988,2,0,0
Ethiopia,1989,1,1,0
Ethiopia,1990,10,17,0
Ethiopia,1991,5,161,0
Ethiopia,1992,13,330,332
Ethiopia,1994,4,6,1
Ethiopia,1995,5,5,4
Ethiopia,1996,7,133,27
Ethiopia,1997,6,8,135
Ethiopia,1999,2,2,2
Ethiopia,2000,1,3,0
Ethiopia,2002,3,1,37
Ethiopia,2003,1,2,9
Ethiopia,2004,2,1,16
Ethiopia,2005,5,9,37
Ethiopia,2006,11,12,56
Ethiopia,2007,5,204,52
Ethiopia,2008,8,27,82
Ethiopia,2009,2,13,0
Ethiopia,2010,2,8,20
Ethiopia,2011,3,2,3
Ethiopia,2012,3,25,8
Ethiopia,2013,5,17,0
Ethiopia,2014,2,9,6
Ethiopia,2015,7,48,43
Ethiopia,2016,13,279,83
Ethiopia,2017,27,67,53
Ethiopia,2018,10,25,185
Falkland Islands,1983,1,0,0
Fiji,1987,3,0,1
Fiji,1989,2,0,0
Fiji,1991,3,0,0
Fiji,1992,1,1,0
Fiji,1999,3,0,0
Fiji,2000,4,7,17
Fiji,2001,1,0,0
Finland,1986,1,0,1
Finland,1992,1,0,0
Finland,1994,1,0,0
Finland,1995,1,0,1
Finland,2007,1,9,13
Finland,2008,1,0,1
Finland,2015,9,0,1
Finland,2016,3,0,0
Finland,2017,2,2,10
Finland,2018,1,0,0
France,1972,11,1,0
France,1973,14,5,20
France,1974,29,3,41
France,1975,39,3,25
France,1976,58,7,10
France,1977,53,3,7
France,1978,59,21,17
France,1979,212,11,41
France,1980,94,20,74
France,1981,66,8,78
France,1982,62,17,144
France,1983,121,20,186
France,1984,145,15,57
France,1985,106,17,83
France,1986,95,25,306
France,1987,87,5,8
France,1988,54,6,19
France,1989,25,3,2
France,1990,30,3,3
France,1991,137,6,5
France,1992,126,9,12
France,1994,97,7,22
France,1995,71,19,177
France,1996,270,18,114
France,1997,130,0,4
France,1998,12,1,0
France,1999,46,0,2
France,2000,28,4,1
France,2001,21,0,16
France,2002,32,0,4
France,2003,34,0,21
France,2004,11,0,10
France,2005,33,0,11
France,2006,34,1,3
France,2007,16,3,8
France,2008,13,0,1
France,2009,9,0,11
France,2010,3,0,0
France,2011,8,0,4
France,2012,66,8,8
France,2013,18,0,5
France,2014,14,1,15
France,2015,37,162,443
France,2016,26,95,470
France,2017,41,7,28
France,2018,13,13,34
French Guiana,1983,3,1,0
French Guiana,1996,2,0,1
French Guiana,1997,2,0,12
French Polynesia,1995,3,0,13
Gabon,1979,1,2,0
Gabon,1994,1,0,0
Gabon,1996,1,0,1
Gabon,1997,1,4,0
Gabon,2017,4,0,2
Gambia,1994,1,13,0
Gambia,1995,1,0,0
Gambia,2000,1,0,2
Georgia,1991,3,2,8
Georgia,1992,39,109,50
Georgia,1994,18,29,45
Georgia,1995,17,14,23
Georgia,1996,3,2,10
Georgia,1997,6,35,3
Georgia,1998,12,32,47
Georgia,1999,7,5,26
Georgia,2000,7,3,5
Georgia,2001,4,6,9
Georgia,2002,2,1,15
Georgia,2003,6,0,1
Georgia,2004,3,0,1
Georgia,2005,6,8,32
Georgia,2006,3,5,4
Georgia,2008,33,13,62
Georgia,2009,25,5,21
Georgia,2010,7,4,14
Georgia,2011,3,1,1
Georgia,2012,3,1,2
Georgia,2013,2,2,0
Georgia,2014,2,0,1
Georgia,2015,1,0,0
Georgia,2016,4,1,7
Georgia,2017,1,0,5
Georgia,2018,1,1,0
Germany,1990,1,0,0
Germany,1991,65,10,35
Germany,1992,156,17,217
Germany,1994,79,2,85
Germany,1995,147,10,26
Germany,1996,52,1,5
Germany,1997,12,0,27
Germany,1998,6,0,0
Germany,1999,13,3,47
Germany,2000,8,1,29
Germany,2001,8,3,6
Germany,2002,3,0,2
Germany,2003,2,0,0
Germany,2004,3,1,25
Germany,2005,3,2,0
Germany,2006,4,2,0
Germany,2007,3,1,1
Germany,2008,3,0,2
Germany,2009,4,0,0
Germany,2010,1,0,0
Germany,2011,8,2,2
Germany,2012,5,0,0
Germany,2014,13,0,0
Germany,2015,66,1,48
Germany,2016,44,27,117
Germany,2017,27,1,10
Germany,2018,22,0,8
Ghana,1987,1,0,0
Ghana,1992,8,0,1
Ghana,1994,4,13,0
Ghana,1995,1,2,6
Ghana,1996,2,3,0
Ghana,1997,1,1,3
Ghana,2014,1,0,3
Ghana,2016,1,0,0
Ghana,2018,2,2,5
Greece,1970,3,2,0
Greece,1971,1,0,0
Greece,1972,2,0,0
Greece,1973,11,5,55
Greece,1974,6,92,0
Greece,1975,4,1,0
Greece,1976,21,14,1
Greece,1977,47,1,1
Greece,1978,39,0,4
Greece,1979,9,1,5
Greece,1980,15,5,2
Greece,1981,20,3,74
Greece,1982,19,2,0
Greece,1983,11,4,6
Greece,1984,28,5,89
Greece,1985,35,64,170
Greece,1986,41,6,14
Greece,1987,26,2,37
Greece,1988,38,14,104
Greece,1989,50,4,5
Greece,1990,55,2,10
Greece,1991,57,15,23
Greece,1992,35,2,34
Greece,1994,42,3,19
Greece,1995,8,0,0
Greece,1996,20,0,3
Greece,1997,21,1,3
Greece,1998,28,0,2
Greece,1999,35,1,4
Greece,2000,28,1,0
Greece,2001,14,0,3
Greece,2002,11,0,2
Greece,2003,12,0,2
Greece,2004,4,0,3
Greece,2005,6,0,5
Greece,2006,23,0,2
Greece,2007,15,0,3
Greece,2008,53,0,3
Greece,2009,115,1,10
Greece,2010,49,4,5
Greece,2011,11,0,5
Greece,2012,23,1,3
Greece,2013,54,3,7
Greece,2014,26,0,4
Greece,2015,31,1,2
Greece,2016,30,0,2
Greece,2017,44,0,7
Greece,2018,27,3,15
Grenada,1980,4,9,20
Grenada,1983,1,0,1
Guadeloupe,1980,9,1,2
Guadeloupe,1981,1,0,0
Guadeloupe,1983,17,0,20
Guadeloupe,1984,14,4,5
Guadeloupe,1985,9,2,18
Guadeloupe,1986,1,0,0
Guadeloupe,1988,4,0,0
Guadeloupe,1991,1,1,0
Guatemala,1970,4,2,0
Guatemala,1971,1,0,0
Guatemala,1974,1,0,0
Guatemala,1975,5,23,1
Guatemala,1976,13,8,8
Guatemala,1977,8,6,0
Guatemala,1978,29,35,18
Guatemala,1979,60,53,19
Guatemala,1980,281,528,143
Guatemala,1981,399,1381,285
Guatemala,1982,354,1562,152
Guatemala,1983,117,530,176
Guatemala,1984,74,171,34
Guatemala,1985,63,137,17
Guatemala,1986,31,54,14
Guatemala,1987,56,211,38
Guatemala,1988,29,135,35
Guatemala,1989,79,43,70
Guatemala,1990,83,68,42
Guatemala,1991,77,73,22
Guatemala,1992,48,28,67
Guatemala,1994,84,22,39
Guatemala,1995,82,40,10
Guatemala,1996,26,14,9
Guatemala,1997,26,22,22
Guatemala,1999,1,3,0
Guatemala,2000,1,2,0
Guatemala,2001,2,1,1
Guatemala,2003,3,1,5
Guatemala,2004,2,3,0
Guatemala,2006,4,5,0
Guatemala,2012,1,2,1
Guatemala,2013,6,4,3
Guatemala,2018,2,0,12
Guinea,1980,2,1,1
Guinea,1992,2,0,0
Guinea,1994,2,2,20
Guinea,1996,1,2,0
Guinea,2000,12,206,32
Guinea,2005,1,0,0
Guinea,2013,2,0,0
Guinea,2015,2,1,4
Guinea,2016,1,1,0
Guinea,2018,2,1,1
Guinea-Bissau,2001,1,0,0
Guinea-Bissau,2003,1,1,0
Guinea-Bissau,2005,4,3,15
Guinea-Bissau,2006,1,11,12
Guinea-Bissau,2009,1,1,0
Guinea-Bissau,2012,1,1,0
Guyana,1978,1,5,0
Guyana,1979,2,1,0
Guyana,1980,1,1,1
Guyana,1981,1,1,0
Guyana,1990,5,0,3
Guyana,1992,4,0,1
Guyana,1997,1,0,0
Guyana,1998,2,0,1
Guyana,2001,1,0,0
Guyana,2002,1,4,6
Guyana,2003,1,0,0
Guyana,2006,2,6,0
Guyana,2008,3,23,12
Guyana,2016,1,0,0
Haiti,1973,1,0,0
Haiti,1974,2,0,0
Haiti,1983,6,5,9
Haiti,1987,10,4,6
Haiti,1988,6,3,0
Haiti,1989,3,0,9
Haiti,1990,3,13,106
Haiti,1991,17,137,1
Haiti,1992,27,18,7
Haiti,1994,27,87,50
Haiti,1995,34,16,40
Haiti,1996,27,14,7
Haiti,1997,16,9,11
Haiti,1998,1,0,0
Haiti,1999,5,3,3
Haiti,2000,9,5,15
Haiti,2001,5,0,2
Haiti,2002,2,0,1
Haiti,2003,5,4,1
Haiti,2004,2,7,30
Haiti,2005,1,1,0
Haiti,2006,1,2,1
Haiti,2007,2,1,1
Haiti,2016,1,7,0
Haiti,2018,5,0,1
Honduras,1973,1,0,0
Honduras,1979,6,1,12
Honduras,1980,16,6,8
Honduras,1981,17,7,14
Honduras,1982,34,24,12
Honduras,1983,29,75,6
Honduras,1984,12,5,1
Honduras,1985,9,7,8
Honduras,1986,8,10,4
Honduras,1987,20,21,12
Honduras,1988,21,32,11
Honduras,1989,29,9,22
Honduras,1990,13,3,13
Honduras,1991,21,18,21
Honduras,1992,12,5,5
Honduras,1994,6,10,26
Honduras,1995,12,8,2
Honduras,1996,19,11,29
Honduras,1997,22,14,18
Honduras,2002,1,0,0
Honduras,2004,1,28,14
Honduras,2009,8,2,1
Honduras,2011,1,2,0
Honduras,2013,2,5,0
Honduras,2014,1,0,1
Honduras,2016,1,2,0
Honduras,2017,1,2,0
Hong Kong,1980,1,0,2
Hong Kong,1981,3,0,25
Hong Kong,1989,1,0,0
Hong Kong,1990,1,0,0
Hong Kong,1991,1,0,2
Hong Kong,1992,6,1,0
Hong Kong,1994,4,3,4
Hong Kong,1995,1,0,0
Hong Kong,1996,3,0,5
Hong Kong,2000,2,0,17
Hong Kong,2001,1,0,0
Hong Kong,2005,1,0,1
Hong Kong,2008,1,0,46
Hungary,1989,1,0,0
Hungary,1991,3,0,3
Hungary,1992,1,0,1
Hungary,1994,2,0,0
Hungary,1996,13,0,8
Hungary,1997,17,3,2
Hungary,1998,2,0,0
Hungary,2001,1,1,1
Hungary,2008,2,0,0
Hungary,2009,1,2,0
Hungary,2014,1,0,0
Hungary,2015,1,0,0
Hungary,2016,1,0,2
Iceland,1983,1,0,0
Iceland,1986,1,0,0
Iceland,2012,1,0,0
Iceland,2014,1,0,0
India,1972,1,0,0
India,1975,1,4,0
India,1976,1,0,0
India,1977,1,0,0
India,1979,20,31,19
India,1980,10,17,13
India,1981,16,24,12
India,1982,13,64,102
India,1983,47,59,217
India,1984,159,195,364
India,1985,39,51,79
India,1986,96,340,163
India,1987,166,506,429
India,1988,358,966,1033
India,1989,324,874,769
India,1990,349,907,1042
India,1991,339,1113,1326
India,1992,237,1152,917
India,1994,107,389,405
India,1995,179,361,616
India,1996,213,569,952
India,1997,193,853,1416
India,1998,61,398,411
India,1999,112,469,591
India,2000,180,671,761
India,2001,234,660,1144
India,2002,184,599,1186
India,2003,196,472,1183
India,2004,108,334,949
India,2005,146,466,1216
India,2006,167,722,2138
India,2007,149,626,1187
India,2008,534,824,1759
India,2009,672,774,854
India,2010,663,812,660
India,2011,645,499,730
India,2012,613,264,651
India,2013,694,467,771
India,2014,860,490,776
India,2015,885,387,654
India,2016,1026,467,788
India,2017,967,465,703
India,2018,888,412,650
Indonesia,1977,1,1,1
Indonesia,1978,2,0,1
Indonesia,1981,1,4,0
Indonesia,1984,2,2,0
Indonesia,1985,2,7,14
Indonesia,1986,4,0,2
Indonesia,1989,2,85,27
Indonesia,1990,3,12,0
Indonesia,1991,7,21,60
Indonesia,1992,4,33,0
Indonesia,1994,5,1,6
Indonesia,1995,24,41,51
Indonesia,1996,65,30,188
Indonesia,1997,27,102,99
Indonesia,1998,3,9,5
Indonesia,1999,60,67,79
Indonesia,2000,101,146,336
Indonesia,2001,106,134,190
Indonesia,2002,43,246,535
Indonesia,2003,18,26,166
Indonesia,2004,17,42,238
Indonesia,2005,15,66,171
Indonesia,2006,10,6,6
Indonesia,2007,2,0,1
Indonesia,2008,13,0,0
Indonesia,2009,19,15,62
Indonesia,2010,4,0,6
Indonesia,2011,21,20,70
Indonesia,2012,39,15,20
Indonesia,2013,32,23,16
Indonesia,2014,35,20,30
Indonesia,2015,29,22,17
Indonesia,2016,19,22,35
Indonesia,2017,27,20,27
Indonesia,2018,43,71,105
International,2002,1,1,12
Iran,1970,5,0,1
Iran,1971,11,4,0
Iran,1972,15,1,3
Iran,1973,4,1,0
Iran,1974,11,1,0
Iran,1975,13,8,0
Iran,1976,4,5,0
Iran,1977,5,2,1
Iran,1978,27,447,60
Iran,1979,82,57,251
Iran,1980,67,55,381
Iran,1981,108,224,263
Iran,1982,26,139,985
Iran,1983,10,0,6
Iran,1984,17,29,355
Iran,1985,3,22,52
Iran,1986,6,39,144
Iran,1987,1,0,0
Iran,1988,6,18,7
Iran,1989,6,14,0
Iran,1990,11,10,2
Iran,1991,9,2,0
Iran,1992,16,9,5
Iran,1994,43,74,327
Iran,1995,8,0,11
Iran,1996,3,3,2
Iran,1998,5,6,6
Iran,1999,8,4,16
Iran,2000,15,5,29
Iran,2001,4,0,0
Iran,2003,2,0,0
Iran,2005,5,13,191
Iran,2006,14,48,41
Iran,2007,9,24,5
Iran,2008,8,26,220
Iran,2009,15,97,83
Iran,2010,14,115,450
Iran,2011,13,18,13
Iran,2012,5,12,11
Iran,2013,11,39,17
Iran,2014,9,13,5
Iran,2015,9,38,11
Iran,2016,10,12,8
Iran,2017,11,39,67
Iran,2018,13,66,125
Iraq,1975,1,0,1
Iraq,1976,3,12,285
Iraq,1979,2,1,0
Iraq,1980,6,8,9
Iraq,1981,3,0,0
Iraq,1982,5,96,138
Iraq,1983,3,1,0
Iraq,1984,2,0,1
Iraq,1987,3,0,4
Iraq,1988,4,43,104
Iraq,1989,4,0,25
Iraq,1991,3,1,2
Iraq,1992,35,117,88
Iraq,1994,18,75,195
Iraq,1995,17,156,256
Iraq,1996,12,11,14
Iraq,1997,21,106,23
Iraq,1998,7,19,16
Iraq,1999,12,32,105
Iraq,2000,10,10,29
Iraq,2001,3,9,30
Iraq,2002,6,10,4
Iraq,2003,102,391,1441
Iraq,2004,323,2171,4212
Iraq,2005,617,3384,6067
Iraq,2006,837,4612,8263
Iraq,2007,1046,6665,13279
Iraq,2008,1106,2864,6709
Iraq,2009,1137,2585,9389
Iraq,2010,1179,2074,6917
Iraq,2011,1308,1870,5041
Iraq,2012,1437,2686,6995
Iraq,2013,2852,7041,15710
Iraq,2014,3934,13965,16804
Iraq,2015,2751,8885,13326
Iraq,2016,3383,12260,14355
Iraq,2017,2503,6568,5012
Iraq,2018,1362,1432,2041
Ireland,1970,1,1,0
Ireland,1971,1,1,0
Ireland,1972,5,6,0
Ireland,1973,3,4,0
Ireland,1974,3,34,0
Ireland,1975,7,7,0
Ireland,1976,5,5,0
Ireland,1977,3,2,0
Ireland,1978,3,1,0
Ireland,1979,8,9,0
Ireland,1980,6,3,0
Ireland,1981,5,2,0
Ireland,1982,4,2,1
Ireland,1983,4,5,0
Ireland,1984,1,1,0
Ireland,1985,2,2,0
Ireland,1986,2,0,0
Ireland,1987,24,6,0
Ireland,1989,3,3,0
Ireland,1990,2,0,0
Ireland,1991,16,3,0
Ireland,1992,7,0,0
Ireland,1994,10,4,2
Ireland,1995,3,1,1
Ireland,1996,1,1,0
Ireland,1997,4,0,0
Ireland,1998,3,1,2
Ireland,1999,3,0,1
Ireland,2001,2,0,2
Ireland,2003,1,0,0
Ireland,2006,1,1,0
Ireland,2007,1,0,0
Ireland,2008,5,0,0
Ireland,2010,4,0,8
Ireland,2011,4,1,0
Ireland,2012,29,0,0
Ireland,2013,27,0,2
Ireland,2014,33,0,1
Ireland,2015,28,0,0
Ireland,2016,15,2,3
Ireland,2017,17,0,0
Ireland,2018,5,0,1
Israel,1971,1,1,11
Israel,1972,15,26,72
Israel,1973,1,2,18
Israel,1974,12,78,145
Israel,1975,2,24,62
Israel,1976,2,1,39
Israel,1977,6,5,24
Israel,1978,23,52,259
Israel,1979,129,63,384
Israel,1980,77,14,78
Israel,1981,32,3,19
Israel,1982,54,0,14
Israel,1983,26,16,72
Israel,1984,20,7,88
Israel,1985,19,12,38
Israel,1986,47,8,144
Israel,1987,20,11,45
Israel,1988,32,12,43
Israel,1989,74,36,72
Israel,1990,81,45,184
Israel,1991,53,24,34
Israel,1992,58,28,80
Israel,1994,41,54,169
Israel,1995,12,17,147
Israel,1996,18,70,224
Israel,1997,12,31,448
Israel,1998,12,17,120
Israel,1999,8,6,53
Israel,2000,13,11,118
Israel,2001,70,135,870
Israel,2002,72,333,1518
Israel,2003,34,150,563
Israel,2004,18,57,232
Israel,2005,28,41,244
Israel,2006,79,56,158
Israel,2007,49,10,10
Israel,2008,129,31,234
Israel,2009,36,1,40
Israel,2010,14,4,17
Israel,2011,51,21,77
Israel,2012,65,14,90
Israel,2013,37,2,8
Israel,2014,293,49,152
Israel,2015,58,20,118
Israel,2016,50,16,175
Israel,2017,34,4,16
Israel,2018,63,8,47
Italy,1970,3,0,0
Italy,1971,3,0,0
Italy,1972,4,1,4
Italy,1973,15,62,51
Italy,1974,22,23,150
Italy,1975,7,0,0
Italy,1976,173,9,38
Italy,1977,308,25,57
Italy,1978,277,26,46
Italy,1979,209,24,138
Italy,1980,110,134,265
Italy,1981,69,24,38
Italy,1982,23,12,59
Italy,1983,7,2,3
Italy,1984,14,23,116
Italy,1985,11,19,157
Italy,1986,7,1,1
Italy,1987,14,3,0
Italy,1988,29,6,19
Italy,1989,15,0,1
Italy,1990,6,0,0
Italy,1991,31,0,6
Italy,1992,37,17,23
Italy,1994,18,2,8
Italy,1995,1,0,1
Italy,1996,8,0,1
Italy,1997,8,0,0
Italy,1998,6,0,14
Italy,1999,7,1,0
Italy,2000,8,0,3
Italy,2001,11,0,4
Italy,2002,7,1,0
Italy,2003,15,0,51
Italy,2004,3,1,0
Italy,2005,6,1,7
Italy,2006,4,0,2
Italy,2008,2,0,0
Italy,2009,4,0,2
Italy,2010,10,0,3
Italy,2011,5,2,5
Italy,2012,10,0,1
Italy,2013,7,0,4
Italy,2014,7,0,3
Italy,2015,5,0,1
Italy,2016,11,1,1
Italy,2017,8,0,8
Italy,2018,14,0,8
Ivory Coast,1992,3,1,0
Ivory Coast,1994,2,5,0
Ivory Coast,1995,7,40,5
Ivory Coast,1996,2,5,7
Ivory Coast,1997,1,0,0
Ivory Coast,2000,2,4,6
Ivory Coast,2001,1,12,0
Ivory Coast,2002,1,3,0
Ivory Coast,2004,1,12,0
Ivory Coast,2005,1,41,64
Ivory Coast,2006,3,20,12
Ivory Coast,2007,1,0,2
Ivory Coast,2010,7,10,13
Ivory Coast,2011,3,23,3
Ivory Coast,2012,16,45,11
Ivory Coast,2013,4,4,3
Ivory Coast,2014,1,4,0
Ivory Coast,2015,4,14,10
Ivory Coast,2016,1,22,33
Ivory Coast,2017,13,3,2
Ivory Coast,2018,2,2,0
Jamaica,1974,2,0,0
Jamaica,1976,1,0,0
Jamaica,1979,2,4,0
Jamaica,1980,6,11,1
Jamaica,1981,1,5,0
Jamaica,1986,1,3,0
Jamaica,1991,1,0,0
Jamaica,1992,6,5,0
Jamaica,1994,2,2,0
Jamaica,1995,1,1,1
Jamaica,1996,1,1,0
Jamaica,1997,8,10,32
Jamaica,2007,1,0,1
Jamaica,2014,1,0,1
Jamaica,2017,2,0,0
Japan,1970,2,0,0
Japan,1973,2,0,0
Japan,1974,3,0,7
Japan,1975,12,0,2
Japan,1976,1,2,0
Japan,1977,4,0,0
Japan,1978,35,4,53
Japan,1979,16,5,2
Japan,1981,1,0,0
Japan,1982,2,0,0
Japan,1983,12,2,1
Japan,1984,15,0,11
Japan,1985,10,2,7
Japan,1986,10,3,1
Japan,1987,10,1,3
Japan,1988,16,0,26
Japan,1989,13,2,1
Japan,1990,93,2,125
Japan,1991,19,1,1
Japan,1992,40,0,0
Japan,1994,9,8,504
Japan,1995,20,15,6225
Japan,1996,8,0,2
Japan,1997,5,0,0
Japan,1998,1,0,1
Japan,1999,2,0,0
Japan,2000,13,0,0
Japan,2001,3,0,0
Japan,2002,2,0,0
Japan,2003,2,0,0
Japan,2008,3,0,0
Japan,2009,1,0,0
Japan,2013,1,0,0
Japan,2014,5,0,0
Japan,2015,10,0,0
Japan,2016,1,19,26
Japan,2018,1,0,0
Jordan,1970,9,1,1
Jordan,1971,5,0,0
Jordan,1972,7,2,0
Jordan,1973,1,0,0
Jordan,1976,1,9,5
Jordan,1980,1,1,0
Jordan,1981,2,0,2
Jordan,1982,1,0,6
Jordan,1983,7,0,1
Jordan,1984,5,1,4
Jordan,1988,1,0,0
Jordan,1990,3,0,5
Jordan,1991,11,1,8
Jordan,1992,2,1,0
Jordan,1994,6,0,7
Jordan,1995,3,1,2
Jordan,1996,2,0,1
Jordan,1997,3,0,4
Jordan,1998,1,0,0
Jordan,1999,2,0,1
Jordan,2000,2,0,2
Jordan,2001,2,1,0
Jordan,2002,2,3,0
Jordan,2005,4,62,101
Jordan,2006,1,1,6
Jordan,2010,2,1,4
Jordan,2012,2,1,16
Jordan,2013,1,0,0
Jordan,2014,3,1,7
Jordan,2015,4,7,11
Jordan,2016,11,35,65
Jordan,2017,8,4,1
Jordan,2018,2,3,5
Kazakhstan,1992,5,9,1
Kazakhstan,1994,1,0,0
Kazakhstan,1997,2,2,0
Kazakhstan,2000,1,2,0
Kazakhstan,2001,1,0,1
Kazakhstan,2008,1,2,2
Kazakhstan,2011,5,12,2
Kazakhstan,2012,4,2,3
Kazakhstan,2013,4,0,1
Kazakhstan,2016,3,10,11
Kenya,1975,4,27,100
Kenya,1976,2,0,0
Kenya,1978,1,4,0
Kenya,1980,1,15,85
Kenya,1989,4,4,5
Kenya,1991,5,0,0
Kenya,1992,30,155,62
Kenya,1994,5,40,1
Kenya,1995,4,2,2
Kenya,1996,3,2,0
Kenya,1997,17,36,21
Kenya,1998,2,226,4000
Kenya,2000,4,26,5
Kenya,2001,7,13,8
Kenya,2002,2,16,0
Kenya,2003,2,3,0
Kenya,2005,2,56,0
Kenya,2006,2,18,6
Kenya,2007,12,33,48
Kenya,2008,11,103,3
Kenya,2009,1,0,0
Kenya,2010,12,19,159
Kenya,2011,42,42,112
Kenya,2012,80,107,421
Kenya,2013,80,207,446
Kenya,2014,115,315,408
Kenya,2015,70,268,203
Kenya,2016,65,72,69
Kenya,2017,97,126,110
Kenya,2018,52,74,77
Kosovo,1999,39,23,146
Kosovo,2000,60,23,84
Kosovo,2001,17,20,59
Kosovo,2002,5,1,32
Kosovo,2003,9,7,4
Kosovo,2004,1,0,5
Kosovo,2005,8,1,0
Kosovo,2006,6,0,4
Kosovo,2007,5,1,0
Kosovo,2008,11,0,5
Kosovo,2009,1,0,0
Kosovo,2010,1,1,11
Kosovo,2011,1,0,0
Kosovo,2012,4,3,4
Kosovo,2013,6,1,4
Kosovo,2014,4,2,3
Kosovo,2015,2,0,0
Kosovo,2016,8,0,0
Kosovo,2017,8,0,4
Kosovo,2018,2,1,0
Kuwait,1972,1,0,0
Kuwait,1974,1,0,0
Kuwait,1975,1,0,0
Kuwait,1976,1,0,0
Kuwait,1978,1,1,0
Kuwait,1980,4,0,0
Kuwait,1981,3,2,0
Kuwait,1982,1,0,1
Kuwait,1983,7,1,13
Kuwait,1984,1,4,2
Kuwait,1985,2,11,18
Kuwait,1986,1,0,1
Kuwait,1987,12,1,0
Kuwait,1988,4,2,1
Kuwait,1991,5,1,1
Kuwait,1992,15,2,11
Kuwait,1994,2,0,3
Kuwait,1997,2,0,2
Kuwait,2001,2,2,1
Kuwait,2002,1,4,0
Kuwait,2003,3,1,18
Kuwait,2005,2,2,0
Kuwait,2011,1,0,0
Kuwait,2015,1,28,227
Kuwait,2016,2,1,1
Kyrgyzstan,1996,5,0,0
Kyrgyzstan,1999,3,1,7
Kyrgyzstan,2000,4,2,4
Kyrgyzstan,2001,1,0,0
Kyrgyzstan,2002,2,2,1
Kyrgyzstan,2003,1,1,0
Kyrgyzstan,2005,2,0,0
Kyrgyzstan,2006,3,1,2
Kyrgyzstan,2007,1,0,1
Kyrgyzstan,2010,1,0,4
Kyrgyzstan,2011,1,0,0
Kyrgyzstan,2014,2,1,1
Kyrgyzstan,2015,3,1,1
Kyrgyzstan,2016,4,1,5
Kyrgyzstan,2017,3,1,0
Kyrgyzstan,2018,1,0,0
Laos,1989,1,2,0
Laos,1990,1,0,0
Laos,1992,4,3,0
Laos,1994,1,2,1
Laos,1996,1,5,1
Laos,2000,8,1,47
Laos,2001,1,0,9
Laos,2003,2,10,0
Laos,2012,1,0,0
Laos,2015,2,0,0
Laos,2016,4,3,15
Laos,2017,1,1,0
Latvia,1992,2,0,1
Latvia,1994,2,1,0
Latvia,1995,1,0,0
Latvia,1997,2,0,0
Latvia,1998,4,0,0
Latvia,1999,1,0,0
Latvia,2000,3,1,34
Latvia,2007,1,0,1
Latvia,2017,1,0,0
Lebanon,1970,1,0,0
Lebanon,1971,1,0,0
Lebanon,1972,3,0,0
Lebanon,1973,11,4,0
Lebanon,1974,11,0,10
Lebanon,1975,15,28,29
Lebanon,1976,4,4,1
Lebanon,1977,4,3,1
Lebanon,1978,12,107,173
Lebanon,1979,38,33,94
Lebanon,1980,86,90,267
Lebanon,1981,81,264,745
Lebanon,1982,120,234,459
Lebanon,1983,234,615,1005
Lebanon,1984,166,61,241
Lebanon,1985,95,644,1530
Lebanon,1986,106,247,1018
Lebanon,1987,94,178,338
Lebanon,1988,125,176,601
Lebanon,1989,141,113,364
Lebanon,1990,84,113,191
Lebanon,1991,91,98,386
Lebanon,1992,91,79,116
Lebanon,1994,67,57,127
Lebanon,1995,38,35,72
Lebanon,1996,39,57,70
Lebanon,1997,46,36,50
Lebanon,1998,23,17,48
Lebanon,1999,42,23,48
Lebanon,2000,12,12,12
Lebanon,2001,5,0,3
Lebanon,2002,8,2,4
Lebanon,2003,5,3,1
Lebanon,2004,1,1,2
Lebanon,2005,17,22,58
Lebanon,2006,8,17,10
Lebanon,2007,18,40,148
Lebanon,2008,58,142,490
Lebanon,2009,14,17,21
Lebanon,2010,5,2,6
Lebanon,2011,10,1,23
Lebanon,2012,15,9,92
Lebanon,2013,121,190,1048
Lebanon,2014,205,135,532
Lebanon,2015,44,111,347
Lebanon,2016,41,25,74
Lebanon,2017,23,17,49
Lebanon,2018,7,2,1
Lesotho,1979,2,0,0
Lesotho,1981,5,10,6
Lesotho,1982,2,0,5
Lesotho,1983,12,30,8
Lesotho,1984,1,1,1
Lesotho,1988,1,4,11
Lesotho,1994,3,0,0
Lesotho,2006,1,0,1
Lesotho,2009,1,0,0
Lesotho,2015,1,1,2
Liberia,1990,4,2,0
Liberia,1991,1,0,0
Liberia,1992,10,37,28
Liberia,1994,3,110,0
Liberia,1996,1,10,0
Liberia,1999,2,0,0
Liberia,2000,1,0,8
Liberia,2001,3,1,0
Liberia,2002,3,3,0
Liberia,2003,2,2,0
Liberia,2008,1,12,0
Liberia,2012,1,0,0
Liberia,2014,1,0,0
Liberia,2017,1,0,0
Libya,1979,3,0,1
Libya,1980,2,0,0
Libya,1984,3,15,1
Libya,1992,1,0,0
Libya,1995,1,0,0
Libya,1996,4,12,0
Libya,2007,1,0,0
Libya,2008,1,0,0
Libya,2011,2,0,2
Libya,2012,57,33,37
Libya,2013,291,232,618
Libya,2014,729,694,897
Libya,2015,543,689,841
Libya,2016,422,634,744
Libya,2017,191,290,173
Libya,2018,166,244,375
Lithuania,1991,1,0,1
Lithuania,1992,1,0,0
Lithuania,1995,2,0,0
Lithuania,1996,3,0,1
Lithuania,1997,1,1,0
Lithuania,2018,1,0,0
Luxembourg,1983,2,0,0
Luxembourg,1985,10,0,6
Luxembourg,1986,1,0,0
Luxembourg,1994,3,0,0
Macau,1995,1,0,0
Macau,1996,10,0,17
Macau,1997,16,1,14
Macau,1998,6,0,15
Macedonia,1994,1,0,0
Macedonia,1995,1,1,6
Macedonia,1997,2,0,0
Macedonia,1998,5,0,0
Macedonia,1999,3,0,0
Macedonia,2000,3,3,0
Macedonia,2001,67,35,29
Macedonia,2002,8,3,4
Macedonia,2003,5,0,1
Macedonia,2006,3,0,0
Macedonia,2007,1,0,1
Macedonia,2008,9,2,11
Macedonia,2009,1,0,1
Macedonia,2012,1,5,0
Macedonia,2014,3,0,5
Macedonia,2015,4,0,2
Macedonia,2017,1,0,0
Madagascar,1991,1,4,0
Madagascar,1992,7,16,58
Madagascar,1995,3,4,0
Madagascar,1996,2,1,1
Madagascar,1997,1,0,1
Madagascar,2002,5,0,0
Madagascar,2006,1,0,0
Madagascar,2009,1,2,0
Madagascar,2011,1,0,0
Madagascar,2012,1,0,3
Madagascar,2013,2,0,0
Madagascar,2014,1,1,31
Madagascar,2016,1,3,91
Malawi,1992,3,32,0
Malawi,2002,1,1,0
Malawi,2017,1,0,0
Malawi,2018,2,0,1
Malaysia,1973,1,0,8
Malaysia,1975,3,0,3
Malaysia,1977,2,100,1
Malaysia,1979,1,5,0
Malaysia,1983,1,0,0
Malaysia,1986,15,20,54
Malaysia,1988,4,9,2
Malaysia,1989,2,0,8
Malaysia,1990,3,0,3
Malaysia,1991,3,0,1
Malaysia,1992,2,0,0
Malaysia,2000,3,2,0
Malaysia,2001,1,0,2
Malaysia,2008,2,0,0
Malaysia,2009,1,0,1
Malaysia,2012,2,2,1
Malaysia,2013,13,2,1
Malaysia,2014,12,1,4
Malaysia,2015,5,1,1
Malaysia,2016,19,6,9
Malaysia,2017,4,4,2
Malaysia,2018,7,3,2
Maldives,1988,1,19,100
Maldives,2006,1,0,1
Maldives,2007,1,0,12
Maldives,2008,1,0,0
Maldives,2012,1,0,1
Maldives,2013,3,0,2
Maldives,2014,9,0,0
Maldives,2015,2,0,3
Maldives,2016,1,0,3
Maldives,2017,2,1,0
Maldives,2018,2,0,0
Mali,1990,1,14,1
Mali,1991,12,43,19
Mali,1992,3,5,0
Mali,1994,13,131,46
Mali,1995,1,2,6
Mali,1997,3,0,3
Mali,2005,1,0,0
Mali,2007,5,20,0
Mali,2008,9,55,53
Mali,2009,6,30,0
Mali,2010,1,1,0
Mali,2011,4,5,2
Mali,2012,19,53,45
Mali,2013,58,137,138
Mali,2014,69,125,225
Mali,2015,121,269,251
Mali,2016,100,181,220
Mali,2017,142,363,348
Mali,2018,164,584,180
Malta,1977,1,1,0
Malta,1984,7,0,0
Malta,1985,1,0,0
Malta,1986,1,1,0
Malta,1987,4,0,11
Malta,1992,1,1,0
Malta,1995,2,1,1
Malta,1997,1,0,0
Malta,2014,1,0,0
Malta,2015,1,0,0
Malta,2017,3,1,0
Martinique,1981,1,0,0
Martinique,1983,5,0,0
Martinique,1984,2,0,0
Martinique,1987,1,0,0
Martinique,1988,1,0,1
Martinique,1991,1,0,0
Martinique,1992,1,0,0
Mauritania,1977,4,4,0
Mauritania,1996,1,0,0
Mauritania,2004,1,0,0
Mauritania,2005,1,23,20
Mauritania,2008,2,12,0
Mauritania,2009,5,2,4
Mauritania,2010,1,1,0
Mauritania,2011,3,1,4
Mauritania,2018,1,0,2
Mauritius,1988,1,0,1
Mauritius,1989,1,0,0
Mexico,1970,1,0,0
Mexico,1972,1,0,0
Mexico,1973,6,1,0
Mexico,1974,16,2,0
Mexico,1975,10,32,5
Mexico,1976,20,26,5
Mexico,1977,19,11,15
Mexico,1978,30,7,18
Mexico,1979,10,5,0
Mexico,1980,5,3,0
Mexico,1981,3,0,6
Mexico,1982,3,1,0
Mexico,1983,2,0,2
Mexico,1984,4,13,9
Mexico,1985,1,0,0
Mexico,1986,2,0,0
Mexico,1987,1,0,0
Mexico,1988,3,2,0
Mexico,1989,1,0,0
Mexico,1990,5,3,1
Mexico,1991,10,13,0
Mexico,1992,6,6,2
Mexico,1994,42,88,32
Mexico,1995,29,61,27
Mexico,1996,75,96,211
Mexico,1997,95,229,47
Mexico,1998,2,3,5
Mexico,1999,1,0,2
Mexico,2000,4,5,3
Mexico,2001,7,13,5
Mexico,2003,1,2,1
Mexico,2004,1,0,3
Mexico,2005,1,2,0
Mexico,2006,7,7,34
Mexico,2007,10,25,6
Mexico,2008,8,21,104
Mexico,2009,1,2,3
Mexico,2010,5,0,0
Mexico,2011,2,0,1
Mexico,2012,16,17,8
Mexico,2013,8,47,110
Mexico,2014,5,1,2
Mexico,2015,19,9,10
Mexico,2016,5,4,0
Mexico,2017,20,23,6
Mexico,2018,27,23,32
Moldova,1991,1,0,0
Moldova,1992,11,10,39
Moldova,1994,1,1,0
Moldova,1996,2,0,0
Moldova,1997,1,0,0
Moldova,2000,1,0,0
Moldova,2006,1,2,10
Moldova,2009,1,0,39
Moldova,2012,1,0,0
Moldova,2016,1,0,0
Montenegro,2001,1,1,0
Montenegro,2007,1,0,0
Montenegro,2013,2,0,0
Montenegro,2015,1,0,0
Montenegro,2018,3,1,1
Morocco,1973,2,0,0
Morocco,1976,1,0,0
Morocco,1978,1,10,0
Morocco,1979,2,0,34
Morocco,1985,2,0,0
Morocco,1986,2,2,2
Morocco,1987,4,200,0
Morocco,1991,3,3,0
Morocco,1992,1,2,0
Morocco,1994,2,0,0
Morocco,1995,1,0,1
Morocco,1996,2,0,13
Morocco,2003,5,45,100
Morocco,2007,6,13,26
Morocco,2011,1,17,24
Morocco,2015,1,0,0
Morocco,2018,1,2,0
Mozambique,1978,2,2,6
Mozambique,1979,5,34,0
Mozambique,1981,3,6,0
Mozambique,1982,9,18,50
Mozambique,1983,4,5,2
Mozambique,1984,10,56,94
Mozambique,1985,5,8,136
Mozambique,1986,7,470,17
Mozambique,1987,11,468,170
Mozambique,1988,16,145,163
Mozambique,1989,64,710,275
Mozambique,1990,23,185,126
Mozambique,1991,35,271,169
Mozambique,1992,19,155,61
Mozambique,1994,3,0,0
Mozambique,1995,3,15,1
Mozambique,1999,1,0,1
Mozambique,2000,3,1,2
Mozambique,2007,1,6,3
Mozambique,2012,1,1,4
Mozambique,2013,18,37,80
Mozambique,2014,22,22,60
Mozambique,2015,8,12,3
Mozambique,2016,79,62,84
Mozambique,2017,15,24,15
Mozambique,2018,63,136,40
Myanmar,1973,1,0,0
Myanmar,1976,2,0,0
Myanmar,1979,19,86,175
Myanmar,1980,1,6,8
Myanmar,1982,2,3,0
Myanmar,1983,4,21,50
Myanmar,1987,1,0,0
Myanmar,1988,23,93,247
Myanmar,1989,24,80,70
Myanmar,1990,9,71,51
Myanmar,1991,22,90,74
Myanmar,1992,12,139,64
Myanmar,1994,8,18,16
Myanmar,1995,12,30,29
Myanmar,1996,13,86,84
Myanmar,1997,35,16,10
Myanmar,1999,4,10,18
Myanmar,2001,3,8,5
Myanmar,2002,4,5,33
Myanmar,2003,9,18,51
Myanmar,2004,2,1,3
Myanmar,2005,8,21,178
Myanmar,2006,2,0,0
Myanmar,2007,3,10,5
Myanmar,2008,20,14,33
Myanmar,2009,14,46,15
Myanmar,2010,11,13,84
Myanmar,2011,2,0,0
Myanmar,2012,17,16,10
Myanmar,2013,18,11,29
Myanmar,2014,16,17,43
Myanmar,2015,37,60,153
Myanmar,2016,74,73,58
Myanmar,2017,116,218,39
Myanmar,2018,39,36,81
Namibia,1975,1,1,0
Namibia,1976,2,3,0
Namibia,1978,8,2,65
Namibia,1979,31,32,35
Namibia,1980,2,2,3
Namibia,1982,2,2,0
Namibia,1983,5,4,0
Namibia,1984,24,26,42
Namibia,1985,8,74,26
Namibia,1986,1,5,23
Namibia,1987,7,2,3
Namibia,1988,17,25,80
Namibia,1989,11,1,7
Namibia,1990,2,0,0
Namibia,1991,1,3,3
Namibia,1994,1,0,0
Namibia,1999,1,13,25
Namibia,2000,21,24,85
Namibia,2001,6,1,9
Nepal,1985,9,6,22
Nepal,1991,1,0,0
Nepal,1992,8,9,46
Nepal,1994,3,4,15
Nepal,1996,5,6,7
Nepal,1997,9,15,8
Nepal,1999,8,23,14
Nepal,2000,23,91,160
Nepal,2001,33,172,59
Nepal,2002,58,486,161
Nepal,2003,15,22,34
Nepal,2004,62,630,397
Nepal,2005,70,211,249
Nepal,2006,83,133,93
Nepal,2007,90,44,59
Nepal,2008,120,50,326
Nepal,2009,39,20,135
Nepal,2010,38,10,42
Nepal,2011,46,16,80
Nepal,2012,46,9,29
Nepal,2013,104,3,88
Nepal,2014,7,0,7
Nepal,2015,48,0,11
Nepal,2016,43,5,15
Nepal,2017,247,4,94
Nepal,2018,99,0,32
Netherlands,1970,3,1,0
Netherlands,1971,1,0,0
Netherlands,1972,1,0,0
Netherlands,1973,1,1,1
Netherlands,1974,2,1,0
Netherlands,1975,4,4,2
Netherlands,1976,3,0,0
Netherlands,1977,6,9,1
Netherlands,1978,3,1,16
Netherlands,1979,3,3,0
Netherlands,1980,1,0,0
Netherlands,1981,1,0,0
Netherlands,1982,2,0,1
Netherlands,1983,2,0,0
Netherlands,1984,1,0,1
Netherlands,1985,4,0,0
Netherlands,1986,14,0,0
Netherlands,1987,1,0,0
Netherlands,1988,4,4,6
Netherlands,1989,5,0,5
Netherlands,1990,6,2,1
Netherlands,1991,8,0,0
Netherlands,1992,12,0,1
Netherlands,1994,3,0,1
Netherlands,1995,7,1,2
Netherlands,1996,6,0,0
Netherlands,1997,1,0,0
Netherlands,1999,1,0,0
Netherlands,2000,1,0,0
Netherlands,2001,1,0,3
Netherlands,2002,2,1,0
Netherlands,2003,3,0,0
Netherlands,2004,1,1,2
Netherlands,2008,1,0,0
Netherlands,2009,1,7,12
Netherlands,2010,1,0,0
Netherlands,2011,2,0,0
Netherlands,2014,1,0,0
Netherlands,2015,3,0,0
Netherlands,2016,6,0,4
Netherlands,2017,1,0,0
Netherlands,2018,6,1,7
New Caledonia,1984,10,11,1
New Caledonia,1985,7,0,11
New Caledonia,1986,2,0,0
New Caledonia,1988,9,22,11
New Caledonia,1989,1,2,0
New Caledonia,1992,2,0,0
New Caledonia,2017,1,0,0
New Caledonia,2018,18,0,0
New Hebrides,1980,1,0,0
New Zealand,1973,1,0,0
New Zealand,1981,2,0,0
New Zealand,1984,1,1,0
New Zealand,1991,1,0,0
New Zealand,1994,1,0,0
New Zealand,1996,2,0,2
New Zealand,1997,1,0,0
New Zealand,2001,1,0,0
New Zealand,2003,3,0,0
New Zealand,2008,5,0,0
New Zealand,2014,1,0,0
New Zealand,2016,1,0,0
Nicaragua,1970,1,0,0
Nicaragua,1974,1,0,0
Nicaragua,1975,1,11,0
Nicaragua,1977,5,26,12
Nicaragua,1978,76,93,88
Nicaragua,1979,206,187,63
Nicaragua,1980,35,37,13
Nicaragua,1981,47,172,28
Nicaragua,1982,63,254,23
Nicaragua,1983,299,3277,316
Nicaragua,1984,302,3617,310
Nicaragua,1985,258,1575,231
Nicaragua,1986,171,395,103
Nicaragua,1987,223,549,294
Nicaragua,1988,62,208,78
Nicaragua,1989,21,48,24
Nicaragua,1990,15,23,8
Nicaragua,1991,80,54,45
Nicaragua,1992,30,22,13
Nicaragua,1994,19,12,7
Nicaragua,1995,18,6,26
Nicaragua,1996,26,18,15
Nicaragua,1997,7,7,5
Nicaragua,1999,1,0,0
Nicaragua,2000,1,2,1
Nicaragua,2014,2,5,28
Nicaragua,2018,7,9,9
Niger,1985,1,3,0
Niger,1989,1,171,0
Niger,1991,6,8,2
Niger,1992,16,34,13
Niger,1994,8,53,4
Niger,1995,2,22,0
Niger,1996,1,2,8
Niger,1997,3,32,5
Niger,1999,2,4,0
Niger,2007,7,66,52
Niger,2008,9,6,6
Niger,2009,4,18,3
Niger,2010,3,9,0
Niger,2011,2,4,6
Niger,2012,1,1,0
Niger,2013,4,26,33
Niger,2014,5,11,9
Niger,2015,41,666,116
Niger,2016,25,190,143
Niger,2017,13,148,72
Niger,2018,19,75,72
Nigeria,1976,1,3,1
Nigeria,1980,1,0,0
Nigeria,1983,3,1,2
Nigeria,1988,2,4,0
Nigeria,1991,3,10,34
Nigeria,1992,11,135,130
Nigeria,1994,8,15,0
Nigeria,1995,1,1,0
Nigeria,1996,11,24,15
Nigeria,1997,20,107,51
Nigeria,1998,2,9,0
Nigeria,1999,18,134,209
Nigeria,2000,6,0,2
Nigeria,2001,5,3,3
Nigeria,2002,6,28,11
Nigeria,2003,9,28,44
Nigeria,2004,6,41,6
Nigeria,2005,9,19,36
Nigeria,2006,37,254,21
Nigeria,2007,61,82,40
Nigeria,2008,76,72,28
Nigeria,2009,42,316,16
Nigeria,2010,63,117,191
Nigeria,2011,175,447,619
Nigeria,2012,616,1508,913
Nigeria,2013,347,2015,528
Nigeria,2014,714,7781,2283
Nigeria,2015,639,5559,2863
Nigeria,2016,534,2165,1162
Nigeria,2017,485,1806,1031
Nigeria,2018,645,2574,1005
North Korea,1994,1,3,4
North Yemen,1974,1,0,1
North Yemen,1977,1,1,0
North Yemen,1978,2,1,0
North Yemen,1981,1,1,0
North Yemen,1988,1,0,0
Norway,1979,1,0,0
Norway,1981,1,0,0
Norway,1987,2,1,9
Norway,1991,2,0,0
Norway,1992,2,0,2
Norway,1994,2,0,0
Norway,1996,1,0,1
Norway,2001,1,1,0
Norway,2003,1,0,0
Norway,2006,1,0,0
Norway,2010,1,0,1
Norway,2011,3,77,75
Norway,2017,1,0,0
Pakistan,1970,1,4,20
Pakistan,1974,2,0,2
Pakistan,1975,2,1,0
Pakistan,1976,3,1,3
Pakistan,1978,2,5,2
Pakistan,1979,7,6,42
Pakistan,1980,1,17,18
Pakistan,1981,4,4,4
Pakistan,1982,4,3,9
Pakistan,1983,9,10,26
Pakistan,1984,3,12,49
Pakistan,1985,2,0,1
Pakistan,1986,24,60,351
Pakistan,1987,60,183,1095
Pakistan,1988,44,136,266
Pakistan,1989,45,56,248
Pakistan,1990,87,188,486
Pakistan,1991,150,231,599
Pakistan,1992,85,152,393
Pakistan,1994,154,354,434
Pakistan,1995,666,712,615
Pakistan,1996,180,423,755
Pakistan,1997,206,443,525
Pakistan,1998,37,151,349
Pakistan,1999,39,127,246
Pakistan,2000,49,118,448
Pakistan,2001,53,109,265
Pakistan,2002,46,105,331
Pakistan,2003,29,119,181
Pakistan,2004,67,304,671
Pakistan,2005,77,152,284
Pakistan,2006,164,315,669
Pakistan,2007,260,1406,2343
Pakistan,2008,568,1184,1901
Pakistan,2009,667,1487,3541
Pakistan,2010,713,1701,2967
Pakistan,2011,1012,1676,2649
Pakistan,2012,1654,2784,4265
Pakistan,2013,2214,2874,5769
Pakistan,2014,2151,2413,3388
Pakistan,2015,1243,1608,1849
Pakistan,2016,864,1113,1894
Pakistan,2017,719,1076,2091
Pakistan,2018,480,697,1255
Panama,1972,1,0,0
Panama,1976,2,0,0
Panama,1979,4,1,1
Panama,1980,4,0,0
Panama,1981,4,1,2
Panama,1983,9,0,1
Panama,1984,2,0,0
Panama,1986,5,0,0
Panama,1987,4,1,0
Panama,1988,1,0,1
Panama,1989,2,0,0
Panama,1990,15,2,54
Panama,1991,16,2,0
Panama,1992,37,3,20
Panama,1994,3,21,0
Panama,1995,6,3,0
Panama,1996,2,0,0
Panama,1997,6,3,4
Panama,1999,1,0,0
Panama,2000,1,0,0
Panama,2009,1,1,0
Panama,2016,1,0,0
Papua New Guinea,1989,24,13,25
Papua New Guinea,1990,18,12,12
Papua New Guinea,1991,2,3,0
Papua New Guinea,1992,10,7,10
Papua New Guinea,1994,3,17,26
Papua New Guinea,1995,10,6,4
Papua New Guinea,1996,10,21,11
Papua New Guinea,1997,2,0,0
Papua New Guinea,2002,1,0,0
Papua New Guinea,2007,1,0,0
Papua New Guinea,2017,8,0,3
Paraguay,1970,1,1,1
Paraguay,1976,1,1,0
Paraguay,1980,2,3,0
Paraguay,1984,2,1,1
Paraguay,1985,1,0,0
Paraguay,1987,1,0,0
Paraguay,1992,4,0,0
Paraguay,1994,2,1,2
Paraguay,1995,12,0,16
Paraguay,1997,6,1,12
Paraguay,1999,1,2,1
Paraguay,2000,2,0,3
Paraguay,2010,2,2,7
Paraguay,2011,4,0,4
Paraguay,2012,4,1,2
Paraguay,2013,10,12,15
Paraguay,2014,15,6,2
Paraguay,2015,19,14,0
Paraguay,2016,15,10,2
Paraguay,2017,10,4,1
Paraguay,2018,4,2,0
People's Republic of the Congo,1972,1,0,0
People's Republic of the Congo,1977,2,0,0
People's Republic of the Congo,1982,1,15,0
Peru,1973,3,0,0
Peru,1974,3,0,15
Peru,1975,2,0,0
Peru,1977,4,0,0
Peru,1978,4,0,0
Peru,1979,3,5,1
Peru,1980,64,2,5
Peru,1981,149,10,19
Peru,1982,350,243,71
Peru,1983,536,1818,263
Peru,1984,592,2467,519
Peru,1985,352,729,127
Peru,1986,568,513,271
Peru,1987,627,773,357
Peru,1988,355,855,246
Peru,1989,630,1502,340
Peru,1990,495,1146,237
Peru,1991,658,1412,420
Peru,1992,383,818,762
Peru,1994,91,81,64
Peru,1995,44,103,48
Peru,1996,42,74,74
Peru,1997,58,47,57
Peru,1998,5,7,12
Peru,1999,5,28,3
Peru,2000,3,4,6
Peru,2001,3,16,9
Peru,2002,2,9,32
Peru,2003,1,7,10
Peru,2004,3,6,5
Peru,2005,2,7,2
Peru,2006,1,7,0
Peru,2007,4,18,52
Peru,2008,1,0,0
Peru,2009,4,19,9
Peru,2012,9,12,13
Peru,2013,13,6,4
Peru,2014,12,4,12
Peru,2015,10,6,7
Peru,2016,4,11,7
Peru,2017,8,8,4
Peru,2018,5,4,6
Philippines,1970,10,41,13
Philippines,1971,4,0,0
Philippines,1972,7,2,1
Philippines,1974,1,3,0
Philippines,1975,4,1,45
Philippines,1976,10,47,73
Philippines,1977,2,0,0
Philippines,1978,36,128,193
Philippines,1979,50,107,76
Philippines,1980,60,163,540
Philippines,1981,31,176,362
Philippines,1982,38,139,250
Philippines,1983,16,101,30
Philippines,1984,43,262,108
Philippines,1985,124,452,377
Philippines,1986,80,322,355
Philippines,1987,160,404,485
Philippines,1988,210,550,256
Philippines,1989,156,393,323
Philippines,1990,320,457,340
Philippines,1991,162,432,247
Philippines,1992,162,395,465
Philippines,1994,72,126,198
Philippines,1995,63,201,102
Philippines,1996,61,95,143
Philippines,1997,57,98,273
Philippines,1998,18,6,85
Philippines,1999,31,45,190
Philippines,2000,132,290,643
Philippines,2001,50,154,274
Philippines,2002,48,125,342
Philippines,2003,107,288,531
Philippines,2004,32,206,160
Philippines,2005,25,49,149
Philippines,2006,58,60,163
Philippines,2007,65,115,404
Philippines,2008,276,220,388
Philippines,2009,229,151,354
Philippines,2010,205,155,231
Philippines,2011,151,127,225
Philippines,2012,249,212,441
Philippines,2013,651,432,666
Philippines,2014,597,472,723
Philippines,2015,721,447,752
Philippines,2016,632,415,718
Philippines,2017,692,496,674
Philippines,2018,601,440,538
Poland,1971,1,0,0
Poland,1979,1,0,5
Poland,1981,1,0,1
Poland,1990,7,1,1
Poland,1992,5,4,5
Poland,1994,4,0,0
Poland,1995,4,0,1
Poland,1996,6,1,7
Poland,1997,3,2,5
Poland,1998,2,0,0
Poland,2001,1,0,4
Poland,2010,1,1,1
Poland,2016,2,0,1
Poland,2017,1,0,0
Poland,2018,1,0,0
Portugal,1972,1,0,0
Portugal,1973,1,0,1
Portugal,1975,4,0,0
Portugal,1976,15,3,11
Portugal,1977,15,0,11
Portugal,1978,4,0,11
Portugal,1979,15,3,6
Portugal,1980,8,3,9
Portugal,1981,10,2,3
Portugal,1982,3,3,1
Portugal,1983,9,8,4
Portugal,1984,14,3,13
Portugal,1985,20,1,8
Portugal,1986,11,1,1
Portugal,1988,2,2,0
Portugal,1989,1,1,0
Portugal,1992,1,0,1
Portugal,1994,1,2,0
Portugal,1995,3,0,15
Portugal,2011,2,0,0
Qatar,1982,1,1,0
Qatar,1989,1,3,0
Qatar,1996,1,0,0
Qatar,2000,1,0,0
Qatar,2001,1,1,0
Qatar,2005,1,2,12
Qatar,2015,1,0,1
Republic of the Congo,1990,1,0,0
Republic of the Congo,1994,8,12,4
Republic of the Congo,1996,1,0,0
Republic of the Congo,1997,2,2,2
Republic of the Congo,1999,3,107,0
Republic of the Congo,2001,1,0,0
Republic of the Congo,2002,3,17,42
Republic of the Congo,2003,1,11,0
Republic of the Congo,2013,1,2,5
Republic of the Congo,2016,15,31,1
Rhodesia,1978,19,73,7
Rhodesia,1979,51,120,52
Rhodesia,1980,13,24,99
Romania,1984,1,1,0
Romania,1985,1,2,0
Romania,1991,1,1,3
Romania,1992,1,0,0
Romania,1995,1,0,5
Romania,2008,1,0,1
Russia,1992,21,34,38
Russia,1994,47,34,33
Russia,1995,37,145,34
Russia,1996,66,135,124
Russia,1997,77,61,108
Russia,1998,26,49,118
Russia,1999,54,395,678
Russia,2000,138,362,568
Russia,2001,135,228,454
Russia,2002,89,512,426
Russia,2003,76,328,812
Russia,2004,44,607,1171
Russia,2005,64,157,350
Russia,2006,56,57,59
Russia,2007,51,55,140
Russia,2008,170,95,233
Russia,2009,152,141,218
Russia,2010,251,231,609
Russia,2011,188,160,433
Russia,2012,151,161,260
Russia,2013,145,148,288
Russia,2014,48,67,88
Russia,2015,21,21,24
Russia,2016,55,64,61
Russia,2017,33,61,114
Russia,2018,23,23,24
Rwanda,1991,3,0,0
Rwanda,1992,18,141,182
Rwanda,1994,33,1571,9
Rwanda,1995,17,201,86
Rwanda,1996,15,129,3
Rwanda,1997,33,1027,274
Rwanda,1998,9,100,51
Rwanda,2000,1,4,0
Rwanda,2001,2,2,1
Rwanda,2005,1,30,0
Rwanda,2008,1,0,4
Rwanda,2009,1,4,52
Rwanda,2010,8,6,85
Rwanda,2011,2,2,49
Rwanda,2012,6,10,40
Rwanda,2013,4,6,62
Rwanda,2014,2,1,16
Rwanda,2016,1,0,0
Rwanda,2017,2,2,8
Rwanda,2018,5,12,9
Saudi Arabia,1977,1,0,0
Saudi Arabia,1979,1,5,10
Saudi Arabia,1984,2,0,1
Saudi Arabia,1985,2,1,3
Saudi Arabia,1986,1,62,32
Saudi Arabia,1988,1,0,0
Saudi Arabia,1989,3,1,16
Saudi Arabia,1991,2,0,6
Saudi Arabia,1994,2,0,0
Saudi Arabia,1995,3,14,161
Saudi Arabia,1996,1,19,386
Saudi Arabia,2000,5,1,5
Saudi Arabia,2001,3,2,7
Saudi Arabia,2002,2,1,0
Saudi Arabia,2003,8,55,128
Saudi Arabia,2004,17,64,293
Saudi Arabia,2005,1,1,0
Saudi Arabia,2006,3,4,8
Saudi Arabia,2007,1,3,1
Saudi Arabia,2009,3,5,13
Saudi Arabia,2011,2,3,15
Saudi Arabia,2012,6,4,10
Saudi Arabia,2013,6,1,2
Saudi Arabia,2014,14,20,23
Saudi Arabia,2015,103,213,281
Saudi Arabia,2016,124,162,196
Saudi Arabia,2017,54,31,69
Saudi Arabia,2018,92,17,60
Senegal,1980,1,0,0
Senegal,1988,3,2,4
Senegal,1990,11,20,65
Senegal,1991,4,5,0
Senegal,1992,15,64,22
Senegal,1994,2,5,0
Senegal,1995,8,18,23
Senegal,1997,26,92,48
Senegal,1998,1,4,4
Senegal,1999,1,1,12
Senegal,2000,4,4,12
Senegal,2001,8,28,19
Senegal,2002,3,8,19
Senegal,2005,1,0,0
Senegal,2007,1,1,13
Senegal,2008,2,10,22
Senegal,2009,3,9,4
Senegal,2010,1,3,2
Senegal,2011,4,21,6
Senegal,2012,12,16,40
Senegal,2013,3,7,1
Senegal,2014,2,7,3
Senegal,2015,2,0,4
Senegal,2018,3,15,7
Serbia,2008,4,2,0
Serbia,2009,3,0,2
Serbia,2010,1,0,4
Serbia,2012,3,1,2
Serbia,2017,1,0,1
Serbia,2018,2,0,3
Serbia-Montenegro,2003,6,2,4
Serbia-Montenegro,2004,1,1,0
Serbia-Montenegro,2005,2,0,0
Serbia-Montenegro,2006,2,0,1
Seychelles,1981,2,0,0
Sierra Leone,1991,9,128,0
Sierra Leone,1992,4,21,4
Sierra Leone,1994,22,228,33
Sierra Leone,1995,14,40,23
Sierra Leone,1996,5,60,11
Sierra Leone,1997,3,16,1
Sierra Leone,1998,7,258,19
Sierra Leone,1999,9,28,0
Sierra Leone,2000,24,60,31
Sierra Leone,2016,1,1,0
Sierra Leone,2017,3,0,0
Singapore,1974,1,0,0
Singapore,1985,1,0,0
Singapore,1987,2,0,0
Singapore,1991,1,4,2
Singapore,1992,1,0,0
Singapore,1994,1,1,1
Slovak Republic,1994,1,0,0
Slovak Republic,1995,3,3,1
Slovak Republic,1996,5,1,0
Slovak Republic,1997,4,2,1
Slovak Republic,1998,2,1,3
Slovak Republic,1999,1,0,1
Slovak Republic,2000,1,0,4
Slovak Republic,2016,1,0,1
Slovak Republic,2018,1,2,0
Slovenia,1994,1,1,1
Slovenia,1996,3,0,1
Slovenia,1997,1,0,0
Slovenia,2000,1,0,0
Solomon Islands,1999,1,2,0
Solomon Islands,2000,1,0,0
Solomon Islands,2002,1,1,0
Solomon Islands,2003,1,1,0
Somalia,1975,1,0,0
Somalia,1980,1,1,0
Somalia,1981,8,0,2
Somalia,1983,1,0,0
Somalia,1984,2,0,2
Somalia,1987,1,0,0
Somalia,1988,2,0,5
Somalia,1989,2,30,0
Somalia,1990,12,5,0
Somalia,1991,8,6,0
Somalia,1992,21,8,12
Somalia,1994,57,78,116
Somalia,1995,13,29,162
Somalia,1996,16,28,8
Somalia,1997,19,145,138
Somalia,1998,1,0,0
Somalia,1999,4,9,6
Somalia,2000,9,36,39
Somalia,2001,5,3,0
Somalia,2002,3,6,6
Somalia,2003,1,7,0
Somalia,2004,1,2,1
Somalia,2005,6,20,56
Somalia,2006,10,22,35
Somalia,2007,156,408,554
Somalia,2008,172,436,564
Somalia,2009,122,381,605
Somalia,2010,130,295,395
Somalia,2011,185,344,640
Somalia,2012,325,783,727
Somalia,2013,342,660,604
Somalia,2014,872,1589,780
Somalia,2015,422,1455,806
Somalia,2016,602,1583,1325
Somalia,2017,615,1914,1287
Somalia,2018,527,1144,828
South Africa,1974,1,0,1
South Africa,1976,1,2,0
South Africa,1977,15,5,35
South Africa,1978,9,6,3
South Africa,1979,16,8,30
South Africa,1980,23,26,31
South Africa,1981,42,8,24
South Africa,1982,26,9,74
South Africa,1983,56,28,316
South Africa,1984,60,21,83
South Africa,1985,106,82,251
South Africa,1986,159,153,437
South Africa,1987,133,120,388
South Africa,1988,245,152,606
South Africa,1989,149,57,141
South Africa,1990,154,150,293
South Africa,1991,127,384,387
South Africa,1992,271,706,447
South Africa,1994,174,447,581
South Africa,1995,32,105,88
South Africa,1996,47,82,106
South Africa,1997,17,23,4
South Africa,1998,6,13,31
South Africa,1999,17,4,74
South Africa,2000,21,18,45
South Africa,2002,8,1,1
South Africa,2007,2,1,1
South Africa,2008,1,0,0
South Africa,2012,4,5,4
South Africa,2013,13,2,5
South Africa,2014,20,9,8
South Africa,2015,5,5,32
South Africa,2016,27,21,11
South Africa,2017,29,21,7
South Africa,2018,41,24,11
South Korea,1974,1,1,0
South Korea,1982,1,1,3
South Korea,1983,1,1,4
South Korea,1986,2,5,30
South Korea,1988,8,0,0
South Korea,1989,1,0,0
South Korea,1990,3,0,1
South Korea,1991,6,0,0
South Korea,1992,3,1,0
South Korea,1994,2,1,1
South Korea,1995,4,0,1
South Korea,1996,1,0,30
South Korea,2001,1,0,2
South Korea,2003,1,0,60
South Korea,2006,1,0,1
South Korea,2015,1,0,1
South Korea,2016,1,0,0
South Korea,2018,1,0,0
South Sudan,2012,5,68,22
South Sudan,2013,13,226,113
South Sudan,2014,40,908,602
South Sudan,2015,54,218,137
South Sudan,2016,59,633,191
South Sudan,2017,54,581,258
South Sudan,2018,39,97,48
South Vietnam,1972,1,81,0
South Yemen,1971,1,0,0
South Yemen,1983,1,0,2
Soviet Union,1978,1,4,0
Soviet Union,1989,7,6,27
Soviet Union,1990,36,58,101
Soviet Union,1991,34,28,22
Spain,1970,4,0,0
Spain,1971,22,0,0
Spain,1972,19,2,3
Spain,1973,21,6,2
Spain,1974,14,19,70
Spain,1975,136,31,2
Spain,1976,50,17,5
Spain,1977,147,44,101
Spain,1978,209,84,123
Spain,1979,279,112,284
Spain,1980,187,116,184
Spain,1981,107,39,85
Spain,1982,146,42,53
Spain,1983,122,42,70
Spain,1984,143,51,77
Spain,1985,114,67,182
Spain,1986,125,57,196
Spain,1987,104,68,211
Spain,1988,151,25,144
Spain,1989,142,29,35
Spain,1990,113,32,138
Spain,1991,89,46,164
Spain,1992,72,29,83
Spain,1994,55,17,31
Spain,1995,44,18,86
Spain,1996,63,5,63
Spain,1997,86,11,25
Spain,1998,17,6,6
Spain,1999,47,0,2
Spain,2000,112,29,93
Spain,2001,79,14,174
Spain,2002,41,5,73
Spain,2003,21,3,25
Spain,2004,31,193,1811
Spain,2005,24,0,82
Spain,2006,23,2,24
Spain,2007,11,0,5
Spain,2008,37,3,59
Spain,2009,21,3,48
Spain,2010,3,0,0
Spain,2012,1,0,0
Spain,2013,5,0,1
Spain,2014,4,0,0
Spain,2015,1,0,0
Spain,2016,3,0,4
Spain,2017,4,21,111
Spain,2018,2,1,0
Sri Lanka,1975,1,1,0
Sri Lanka,1979,3,2,1
Sri Lanka,1981,2,3,6
Sri Lanka,1982,2,7,0
Sri Lanka,1983,7,6,9
Sri Lanka,1984,81,485,225
Sri Lanka,1985,110,611,293
Sri Lanka,1986,142,690,917
Sri Lanka,1987,115,1274,781
Sri Lanka,1988,350,885,981
Sri Lanka,1989,510,1822,740
Sri Lanka,1990,141,1505,356
Sri Lanka,1991,115,1034,386
Sri Lanka,1992,103,984,449
Sri Lanka,1994,35,186,446
Sri Lanka,1995,126,1020,599
Sri Lanka,1996,176,827,2216
Sri Lanka,1997,64,486,544
Sri Lanka,1998,35,680,659
Sri Lanka,1999,46,212,579
Sri Lanka,2000,68,449,950
Sri Lanka,2001,36,195,503
Sri Lanka,2002,3,3,0
Sri Lanka,2003,9,23,7
Sri Lanka,2004,33,30,46
Sri Lanka,2005,133,125,319
Sri Lanka,2006,217,1012,1262
Sri Lanka,2007,132,410,561
Sri Lanka,2008,100,353,1059
Sri Lanka,2009,37,201,549
Sri Lanka,2010,3,2,4
Sri Lanka,2012,4,0,1
Sri Lanka,2013,14,0,29
Sri Lanka,2014,16,3,65
Sri Lanka,2015,11,3,14
Sri Lanka,2016,1,0,2
Sri Lanka,2017,41,1,3
Sri Lanka,2018,7,3,5
St. Kitts and Nevis,1995,2,0,9
St. Lucia,2000,1,2,12
Sudan,1973,1,3,0
Sudan,1981,1,2,3
Sudan,1982,3,0,0
Sudan,1983,3,0,0
Sudan,1984,5,305,10
Sudan,1986,6,8,1
Sudan,1987,1,0,0
Sudan,1988,10,58,28
Sudan,1989,8,14,1
Sudan,1990,1,0,0
Sudan,1991,3,32,0
Sudan,1992,7,13,0
Sudan,1994,5,17,23
Sudan,1995,4,6,0
Sudan,1996,10,40,10
Sudan,1997,3,1,21
Sudan,1999,5,16,6
Sudan,2000,7,27,180
Sudan,2001,9,13,3
Sudan,2002,13,589,23
Sudan,2004,5,28,13
Sudan,2005,6,54,26
Sudan,2006,24,484,153
Sudan,2007,23,317,111
Sudan,2008,32,205,29
Sudan,2009,26,77,36
Sudan,2010,28,81,86
Sudan,2011,38,193,123
Sudan,2012,40,60,95
Sudan,2013,46,220,150
Sudan,2014,157,546,320
Sudan,2015,158,210,329
Sudan,2016,173,182,213
Sudan,2017,106,82,176
Sudan,2018,42,42,126
Suriname,1982,1,0,0
Suriname,1983,1,0,2
Suriname,1984,1,0,0
Suriname,1986,8,2,3
Suriname,1987,13,6,7
Suriname,1988,9,6,4
Suriname,1989,17,14,6
Suriname,1990,7,0,0
Suriname,1991,1,1,0
Suriname,1992,5,0,0
Suriname,1994,1,0,0
Suriname,1997,2,0,2
Swaziland,1982,1,0,0
Swaziland,1984,1,1,0
Swaziland,1986,1,0,0
Swaziland,1987,1,4,1
Swaziland,1989,1,0,0
Swaziland,1991,1,0,0
Swaziland,1992,1,0,0
Swaziland,1995,1,0,0
Swaziland,1997,1,0,0
Swaziland,1998,1,1,2
Swaziland,1999,1,0,0
Swaziland,2003,1,0,0
Swaziland,2006,1,0,0
Swaziland,2008,3,0,0
Sweden,1971,2,1,2
Sweden,1972,3,0,0
Sweden,1975,1,3,13
Sweden,1978,1,0,0
Sweden,1979,1,1,0
Sweden,1983,1,1,0
Sweden,1986,3,1,1
Sweden,1989,3,0,0
Sweden,1990,6,1,11
Sweden,1991,6,1,1
Sweden,1992,12,2,5
Sweden,1994,1,0,1
Sweden,1995,1,0,0
Sweden,1996,1,0,0
Sweden,1997,4,1,1
Sweden,1999,2,0,4
Sweden,2000,1,0,1
Sweden,2005,3,0,0
Sweden,2006,1,0,0
Sweden,2008,1,0,0
Sweden,2009,1,0,0
Sweden,2010,3,1,2
Sweden,2011,1,0,0
Sweden,2012,2,0,0
Sweden,2014,5,0,1
Sweden,2015,32,4,4
Sweden,2016,16,0,1
Sweden,2017,18,5,32
Sweden,2018,5,0,1
Switzerland,1970,3,47,0
Switzerland,1971,1,0,3
Switzerland,1972,3,0,0
Switzerland,1973,2,0,0
Switzerland,1974,3,0,0
Switzerland,1975,3,0,0
Switzerland,1976,4,0,0
Switzerland,1977,4,0,3
Switzerland,1978,3,0,0
Switzerland,1979,6,1,5
Switzerland,1980,7,0,3
Switzerland,1981,13,2,31
Switzerland,1982,6,0,0
Switzerland,1983,3,0,0
Switzerland,1984,1,0,0
Switzerland,1985,7,0,10
Switzerland,1987,1,1,0
Switzerland,1988,4,0,5
Switzerland,1990,1,1,0
Switzerland,1991,2,0,4
Switzerland,1992,6,6,6
Switzerland,1995,5,1,0
Switzerland,1996,4,1,3
Switzerland,1997,1,0,0
Switzerland,1998,1,0,0
Switzerland,1999,2,0,0
Switzerland,2000,4,0,0
Switzerland,2001,2,14,18
Switzerland,2003,1,0,0
Switzerland,2007,2,0,1
Switzerland,2011,3,0,2
Switzerland,2013,2,0,0
Switzerland,2016,2,0,2
Switzerland,2018,1,0,0
Syria,1974,4,1,9
Syria,1975,2,0,0
Syria,1976,2,5,35
Syria,1977,3,1,0
Syria,1978,1,0,0
Syria,1979,28,80,31
Syria,1980,33,89,27
Syria,1981,41,192,223
Syria,1982,20,98,23
Syria,1983,1,1,0
Syria,1984,1,0,1
Syria,1985,1,30,30
Syria,1986,4,8,8
Syria,1989,1,0,0
Syria,1996,2,15,50
Syria,1997,1,2,0
Syria,1998,1,0,0
Syria,2004,1,4,2
Syria,2006,1,5,0
Syria,2008,1,18,14
Syria,2011,49,163,215
Syria,2012,180,877,1927
Syria,2013,285,1568,2237
Syria,2014,331,3312,2014
Syria,2015,491,3924,2979
Syria,2016,473,2810,2983
Syria,2017,248,2027,1303
Syria,2018,232,1547,1439
Taiwan,1971,1,25,0
Taiwan,1976,1,0,1
Taiwan,1990,1,0,0
Taiwan,1991,2,7,28
Taiwan,1992,20,16,30
Taiwan,1994,5,1,3
Taiwan,1995,4,0,2
Taiwan,1996,5,9,1
Taiwan,1997,1,0,0
Taiwan,2001,2,2,18
Taiwan,2004,2,0,2
Taiwan,2008,1,0,1
Taiwan,2013,2,0,0
Taiwan,2014,1,0,0
Taiwan,2016,1,0,0
Taiwan,2017,1,0,1
Taiwan,2018,3,0,0
Tajikistan,1992,17,14,804
Tajikistan,1994,31,48,63
Tajikistan,1995,34,78,23
Tajikistan,1996,22,50,34
Tajikistan,1997,40,43,44
Tajikistan,1998,11,29,3
Tajikistan,1999,4,2,6
Tajikistan,2000,6,11,77
Tajikistan,2001,6,8,11
Tajikistan,2005,1,0,0
Tajikistan,2007,1,1,0
Tajikistan,2009,1,0,1
Tajikistan,2010,1,4,25
Tajikistan,2012,5,3,6
Tajikistan,2014,1,1,2
Tajikistan,2015,3,12,10
Tajikistan,2016,2,2,0
Tajikistan,2017,2,1,0
Tajikistan,2018,3,33,9
Tanzania,1975,1,0,0
Tanzania,1979,1,1,0
Tanzania,1982,1,0,1
Tanzania,1994,1,1,0
Tanzania,1995,1,0,0
Tanzania,1997,1,1,0
Tanzania,1998,1,11,85
Tanzania,2000,2,0,0
Tanzania,2001,4,2,0
Tanzania,2002,2,24,0
Tanzania,2004,1,0,0
Tanzania,2008,1,0,2
Tanzania,2010,1,0,0
Tanzania,2013,7,8,83
Tanzania,2014,11,4,43
Tanzania,2015,14,10,14
Tanzania,2016,3,3,2
Tanzania,2017,6,8,4
Tanzania,2018,3,9,0
Thailand,1972,1,0,0
Thailand,1974,1,2,0
Thailand,1977,3,1,70
Thailand,1978,5,29,25
Thailand,1979,16,62,49
Thailand,1980,26,75,171
Thailand,1981,18,21,62
Thailand,1982,3,1,20
Thailand,1983,1,0,0
Thailand,1984,1,0,20
Thailand,1985,1,0,0
Thailand,1986,3,0,3
Thailand,1988,5,10,2
Thailand,1989,16,35,51
Thailand,1990,10,22,54
Thailand,1991,8,11,27
Thailand,1992,25,39,90
Thailand,1994,24,17,47
Thailand,1995,12,19,25
Thailand,1996,19,10,16
Thailand,1997,20,18,24
Thailand,1998,4,4,42
Thailand,1999,4,0,0
Thailand,2000,4,7,4
Thailand,2001,14,11,59
Thailand,2002,12,16,45
Thailand,2003,6,6,6
Thailand,2004,44,32,150
Thailand,2005,155,130,348
Thailand,2006,202,194,413
Thailand,2007,293,264,647
Thailand,2008,200,166,636
Thailand,2009,298,270,460
Thailand,2010,253,154,313
Thailand,2011,182,152,435
Thailand,2012,280,209,1055
Thailand,2013,472,255,680
Thailand,2014,423,192,651
Thailand,2015,278,116,463
Thailand,2016,329,120,385
Thailand,2017,179,72,270
Thailand,2018,182,69,159
Togo,1985,3,1,2
Togo,1991,2,13,0
Togo,1992,27,12,23
Togo,1994,13,47,9
Togo,1995,1,0,0
Togo,1996,1,3,0
Togo,2005,1,0,0
Trinidad and Tobago,1976,1,0,3
Trinidad and Tobago,1979,1,0,0
Trinidad and Tobago,1981,1,0,0
Trinidad and Tobago,1983,1,0,14
Trinidad and Tobago,1989,1,0,0
Trinidad and Tobago,1991,1,0,1
Trinidad and Tobago,1992,1,0,0
Trinidad and Tobago,1994,1,2,0
Trinidad and Tobago,1995,4,4,0
Trinidad and Tobago,1996,3,0,3
Trinidad and Tobago,2005,2,0,14
Trinidad and Tobago,2010,1,0,0
Trinidad and Tobago,2013,3,0,0
Trinidad and Tobago,2015,1,0,0
Trinidad and Tobago,2018,1,0,0
Tunisia,1979,1,0,0
Tunisia,1980,1,41,100
Tunisia,1986,2,0,0
Tunisia,1987,4,0,13
Tunisia,1991,2,4,0
Tunisia,1994,1,1,0
Tunisia,1995,1,7,0
Tunisia,2000,1,5,0
Tunisia,2001,1,3,0
Tunisia,2002,1,21,30
Tunisia,2007,1,14,0
Tunisia,2008,2,0,0
Tunisia,2011,3,4,0
Tunisia,2012,3,4,46
Tunisia,2013,29,25,28
Tunisia,2014,23,43,64
Tunisia,2015,19,107,132
Tunisia,2016,12,71,26
Tunisia,2017,4,5,5
Tunisia,2018,19,16,33
Turkey,1970,12,0,1
Turkey,1971,35,1,0
Turkey,1972,9,3,5
Turkey,1974,1,0,1
Turkey,1975,10,0,0
Turkey,1976,35,7,23
Turkey,1977,189,29,89
Turkey,1978,52,40,111
Turkey,1979,141,123,118
Turkey,1980,95,111,61
Turkey,1981,8,11,11
Turkey,1982,5,9,71
Turkey,1983,5,2,24
Turkey,1984,19,27,19
Turkey,1985,2,1,0
Turkey,1986,7,26,7
Turkey,1987,43,187,80
Turkey,1988,42,102,21
Turkey,1989,114,232,53
Turkey,1990,195,512,219
Turkey,1991,293,308,300
Turkey,1992,514,1233,537
Turkey,1994,300,982,452
Turkey,1995,133,189,216
Turkey,1996,54,117,92
Turkey,1997,44,60,108
Turkey,1998,23,37,108
Turkey,1999,109,127,271
Turkey,2000,35,12,27
Turkey,2001,19,17,40
Turkey,2002,5,0,0
Turkey,2003,19,67,778
Turkey,2004,27,25,92
Turkey,2005,41,35,140
Turkey,2006,43,46,316
Turkey,2007,29,25,122
Turkey,2008,32,42,274
Turkey,2009,13,18,48
Turkey,2010,20,13,7
Turkey,2011,51,25,110
Turkey,2012,188,247,463
Turkey,2013,42,83,192
Turkey,2014,95,40,89
Turkey,2015,424,490,1107
Turkey,2016,544,1007,2772
Turkey,2017,181,222,328
Turkey,2018,94,94,201
Turkmenistan,2002,1,0,1
Turkmenistan,2014,1,3,2
Uganda,1979,8,13,3
Uganda,1981,25,57,9
Uganda,1982,1,0,0
Uganda,1983,6,121,2
Uganda,1984,3,235,0
Uganda,1985,7,32,8
Uganda,1986,1,1,0
Uganda,1987,1,1,4
Uganda,1988,15,160,22
Uganda,1989,15,72,37
Uganda,1990,14,84,31
Uganda,1991,2,2,0
Uganda,1992,3,2,14
Uganda,1994,13,22,41
Uganda,1995,7,145,20
Uganda,1996,29,413,110
Uganda,1997,24,239,121
Uganda,1998,18,81,72
Uganda,1999,19,75,91
Uganda,2000,20,297,90
Uganda,2001,24,56,83
Uganda,2002,24,173,44
Uganda,2003,30,231,72
Uganda,2004,10,193,107
Uganda,2005,11,80,43
Uganda,2007,1,2,1
Uganda,2008,7,3,11
Uganda,2009,2,11,0
Uganda,2010,6,75,71
Uganda,2012,4,5,0
Uganda,2014,6,98,16
Uganda,2015,10,4,1
Uganda,2016,15,75,19
Uganda,2017,13,7,2
Uganda,2018,10,17,9
Ukraine,1991,2,0,1
Ukraine,1992,1,1,1
Ukraine,1994,10,4,6
Ukraine,1995,2,0,2
Ukraine,1996,3,0,3
Ukraine,1997,2,2,0
Ukraine,1999,6,1,37
Ukraine,2000,1,0,0
Ukraine,2002,3,1,2
Ukraine,2003,1,0,1
Ukraine,2007,1,0,0
Ukraine,2008,1,0,2
Ukraine,2009,2,0,8
Ukraine,2010,4,1,8
Ukraine,2011,3,0,0
Ukraine,2012,8,1,36
Ukraine,2013,5,1,3
Ukraine,2014,895,1396,1226
Ukraine,2015,638,766,1401
Ukraine,2016,61,48,40
Ukraine,2017,62,40,64
Ukraine,2018,34,14,22
United Arab Emirates,1974,1,1,2
United Arab Emirates,1977,1,1,0
United Arab Emirates,1978,1,5,0
United Arab Emirates,1979,2,0,0
United Arab Emirates,1980,1,1,15
United Arab Emirates,1981,3,2,7
United Arab Emirates,1983,1,111,0
United Arab Emirates,1985,2,0,1
United Arab Emirates,1986,1,0,0
United Arab Emirates,1989,1,1,0
United Arab Emirates,1992,1,0,1
United Arab Emirates,1995,2,0,0
United Arab Emirates,2010,2,0,1
United Arab Emirates,2013,1,0,0
United Arab Emirates,2014,2,1,0
United Kingdom,1970,12,20,1
United Kingdom,1971,81,110,1
United Kingdom,1972,292,368,224
United Kingdom,1973,189,210,275
United Kingdom,1974,203,235,329
United Kingdom,1975,194,245,129
United Kingdom,1976,194,264,19
United Kingdom,1977,140,103,17
United Kingdom,1978,100,81,113
United Kingdom,1979,239,133,150
United Kingdom,1980,134,78,92
United Kingdom,1981,142,86,118
United Kingdom,1982,95,95,152
United Kingdom,1983,177,77,186
United Kingdom,1984,145,69,249
United Kingdom,1985,67,64,175
United Kingdom,1986,95,63,80
United Kingdom,1987,117,104,120
United Kingdom,1988,180,370,263
United Kingdom,1989,163,66,174
United Kingdom,1990,147,76,123
United Kingdom,1991,262,88,235
United Kingdom,1992,274,94,453
United Kingdom,1994,256,66,177
United Kingdom,1995,22,11,5
United Kingdom,1996,36,14,395
United Kingdom,1997,78,23,35
United Kingdom,1998,63,46,259
United Kingdom,1999,76,8,225
United Kingdom,2000,61,7,28
United Kingdom,2001,94,8,33
United Kingdom,2002,21,2,13
United Kingdom,2003,23,2,11
United Kingdom,2004,5,0,2
United Kingdom,2005,29,57,787
United Kingdom,2006,6,0,0
United Kingdom,2007,20,4,13
United Kingdom,2008,39,0,8
United Kingdom,2009,23,3,12
United Kingdom,2010,57,0,22
United Kingdom,2011,47,1,3
United Kingdom,2012,55,2,2
United Kingdom,2013,137,4,64
United Kingdom,2014,103,0,4
United Kingdom,2015,115,1,23
United Kingdom,2016,104,9,20
United Kingdom,2017,123,42,301
United Kingdom,2018,100,2,18
United States,1970,468,33,160
United States,1971,247,20,55
United States,1972,68,10,35
United States,1973,58,45,33
United States,1974,94,16,54
United States,1975,149,24,158
United States,1976,105,4,41
United States,1977,130,4,17
United States,1978,87,8,8
United States,1979,69,18,58
United States,1980,67,15,22
United States,1981,74,8,15
United States,1982,78,11,37
United States,1983,44,8,5
United States,1984,63,3,780
United States,1985,40,3,13
United States,1986,49,1,36
United States,1987,34,1,1
United States,1988,27,1,1
United States,1989,42,3,14
United States,1990,32,5,7
United States,1991,30,2,4
United States,1992,32,2,3
United States,1994,55,10,16
United States,1995,60,178,738
United States,1996,35,2,84
United States,1997,42,2,19
United States,1998,31,4,3
United States,1999,53,20,40
United States,2000,42,8,10
United States,2001,47,3014,21894
United States,2002,33,4,11
United States,2003,33,0,0
United States,2004,9,0,0
United States,2005,21,0,0
United States,2006,6,1,14
United States,2007,8,0,0
United States,2008,18,2,13
United States,2009,12,22,50
United States,2010,17,4,17
United States,2011,10,0,2
United States,2012,20,7,7
United States,2013,20,23,436
United States,2014,29,26,19
United States,2015,38,54,58
United States,2016,67,68,143
United States,2017,66,97,946
United States,2018,67,45,61
Uruguay,1970,33,3,0
Uruguay,1971,8,1,0
Uruguay,1972,7,0,0
Uruguay,1984,4,0,0
Uruguay,1985,2,0,0
Uruguay,1986,2,0,0
Uruguay,1989,1,1,0
Uruguay,1990,1,0,0
Uruguay,1991,3,0,0
Uruguay,1992,11,0,0
Uruguay,1994,4,0,4
Uruguay,1995,1,0,0
Uruguay,1996,1,0,0
Uruguay,1997,2,0,1
Uruguay,2005,1,0,0
Uruguay,2016,1,1,1
Uzbekistan,1992,2,0,1
Uzbekistan,1995,1,0,0
Uzbekistan,1999,8,19,128
Uzbekistan,2004,5,36,31
Uzbekistan,2005,2,10,34
Uzbekistan,2009,2,3,6
Uzbekistan,2015,1,0,0
Vanuatu,1996,2,0,0
Vatican City,1981,1,0,3
Venezuela,1970,2,0,0
Venezuela,1971,4,0,0
Venezuela,1972,1,0,0
Venezuela,1973,4,0,0
Venezuela,1974,3,0,0
Venezuela,1975,5,0,0
Venezuela,1976,4,0,0
Venezuela,1977,3,1,0
Venezuela,1978,7,1,5
Venezuela,1979,4,0,0
Venezuela,1980,8,3,13
Venezuela,1981,7,2,0
Venezuela,1982,2,30,0
Venezuela,1983,6,7,0
Venezuela,1984,4,2,0
Venezuela,1985,2,0,0
Venezuela,1986,8,13,12
Venezuela,1987,13,3,0
Venezuela,1988,10,41,5
Venezuela,1989,8,14,0
Venezuela,1990,1,0,0
Venezuela,1991,17,47,1
Venezuela,1992,32,7,28
Venezuela,1994,12,4,10
Venezuela,1995,11,8,34
Venezuela,1996,12,13,4
Venezuela,1997,41,3,1
Venezuela,1998,1,0,1
Venezuela,1999,5,0,0
Venezuela,2001,5,0,1
Venezuela,2002,5,0,0
Venezuela,2003,8,0,4
Venezuela,2007,2,1,8
Venezuela,2008,1,1,0
Venezuela,2009,3,10,1
Venezuela,2012,1,0,2
Venezuela,2013,1,0,7
Venezuela,2014,4,1,1
Venezuela,2015,3,1,0
Venezuela,2016,6,9,77
Venezuela,2017,17,5,32
Venezuela,2018,12,32,40
Vietnam,1992,1,0,0
Vietnam,1994,1,0,21
Vietnam,1995,1,0,5
Vietnam,1996,1,0,1
Vietnam,1997,2,1,0
Vietnam,2001,4,0,0
Vietnam,2017,2,0,0
Vietnam,2018,1,0,1
Wallis and Futuna,1994,1,0,0
West Bank and Gaza Strip,1972,1,1,3
West Bank and Gaza Strip,1976,1,2,0
West Bank and Gaza Strip,1978,4,6,37
West Bank and Gaza Strip,1979,23,3,26
West Bank and Gaza Strip,1980,58,31,71
West Bank and Gaza Strip,1981,21,6,66
West Bank and Gaza Strip,1982,56,10,38
West Bank and Gaza Strip,1983,39,9,22
West Bank and Gaza Strip,1984,31,5,50
West Bank and Gaza Strip,1985,3,0,10
West Bank and Gaza Strip,1986,14,4,24
West Bank and Gaza Strip,1987,14,3,24
West Bank and Gaza Strip,1988,21,11,13
West Bank and Gaza Strip,1989,113,79,33
West Bank and Gaza Strip,1990,105,74,36
West Bank and Gaza Strip,1991,94,50,67
West Bank and Gaza Strip,1992,139,103,213
West Bank and Gaza Strip,1994,179,135,416
West Bank and Gaza Strip,1995,68,44,129
West Bank and Gaza Strip,1996,31,20,33
West Bank and Gaza Strip,1997,23,9,29
West Bank and Gaza Strip,1998,14,14,26
West Bank and Gaza Strip,1999,11,1,12
West Bank and Gaza Strip,2000,30,21,49
West Bank and Gaza Strip,2001,132,111,217
West Bank and Gaza Strip,2002,89,181,263
West Bank and Gaza Strip,2003,49,66,102
West Bank and Gaza Strip,2004,35,33,76
West Bank and Gaza Strip,2005,53,24,55
West Bank and Gaza Strip,2006,37,21,21
West Bank and Gaza Strip,2007,92,119,368
West Bank and Gaza Strip,2008,68,20,97
West Bank and Gaza Strip,2009,10,7,3
West Bank and Gaza Strip,2010,11,0,16
West Bank and Gaza Strip,2011,20,15,11
West Bank and Gaza Strip,2012,23,12,20
West Bank and Gaza Strip,2013,64,12,27
West Bank and Gaza Strip,2014,133,67,94
West Bank and Gaza Strip,2015,246,117,239
West Bank and Gaza Strip,2016,157,90,124
West Bank and Gaza Strip,2017,83,50,75
West Bank and Gaza Strip,2018,117,44,60
West Germany (FRG),1970,20,8,9
West Germany (FRG),1971,13,0,0
West Germany (FRG),1972,24,23,45
West Germany (FRG),1973,27,1,1
West Germany (FRG),1974,28,1,10
West Germany (FRG),1975,35,1,12
West Germany (FRG),1976,50,4,36
West Germany (FRG),1977,40,6,2
West Germany (FRG),1978,19,0,3
West Germany (FRG),1979,17,0,10
West Germany (FRG),1980,20,17,218
West Germany (FRG),1981,31,2,31
West Germany (FRG),1982,29,5,44
West Germany (FRG),1983,5,2,25
West Germany (FRG),1984,21,0,2
West Germany (FRG),1985,53,9,114
West Germany (FRG),1986,46,9,242
West Germany (FRG),1987,19,2,32
West Germany (FRG),1988,14,1,14
West Germany (FRG),1989,21,5,8
West Germany (FRG),1990,9,1,4
Western Sahara,1978,1,0,0
Western Sahara,1984,1,0,0
Western Sahara,1986,1,1,0
Western Sahara,1992,1,0,1
Western Sahara,2007,1,0,3
Western Sahara,2018,2,0,0
Yemen,1991,5,1,2
Yemen,1992,24,20,21
Yemen,1994,19,14,2
Yemen,1995,8,4,12
Yemen,1996,8,3,4
Yemen,1997,19,11,8
Yemen,1998,7,8,3
Yemen,1999,17,11,45
Yemen,2000,10,19,40
Yemen,2001,7,2,3
Yemen,2002,7,4,6
Yemen,2003,7,16,9
Yemen,2005,7,12,7
Yemen,2006,5,14,9
Yemen,2007,7,24,46
Yemen,2008,22,74,177
Yemen,2009,23,47,29
Yemen,2010,112,345,233
Yemen,2011,118,461,415
Yemen,2012,312,1056,925
Yemen,2013,425,624,899
Yemen,2014,763,1353,1305
Yemen,2015,664,2375,3065
Yemen,2016,525,1517,1341
Yemen,2017,227,763,723
Yemen,2018,325,829,601
Yugoslavia,1973,1,1,7
Yugoslavia,1974,1,0,0
Yugoslavia,1977,1,1,7
Yugoslavia,1980,1,0,2
Yugoslavia,1981,2,0,4
Yugoslavia,1983,1,2,4
Yugoslavia,1984,1,2,1
Yugoslavia,1989,3,0,0
Yugoslavia,1990,5,0,0
Yugoslavia,1991,11,6,7
Yugoslavia,1992,12,3,43
Yugoslavia,1994,1,0,0
Yugoslavia,1995,3,2,7
Yugoslavia,1996,16,9,9
Yugoslavia,1997,38,9,28
Yugoslavia,1998,46,57,34
Yugoslavia,1999,23,14,108
Yugoslavia,2000,14,5,9
Yugoslavia,2001,20,8,11
Yugoslavia,2002,3,0,0
Zaire,1972,3,0,0
Zaire,1973,1,0,2
Zaire,1977,1,1,0
Zaire,1984,3,2,0
Zaire,1988,1,28,0
Zaire,1991,6,3,18
Zaire,1992,5,10,56
Zaire,1994,6,1,7
Zaire,1995,6,43,33
Zaire,1996,13,223,92
Zaire,1997,5,13,3
Zambia,1971,1,1,0
Zambia,1973,1,2,0
Zambia,1975,1,1,0
Zambia,1977,1,1,0
Zambia,1978,3,0,0
Zambia,1979,1,0,0
Zambia,1981,1,0,0
Zambia,1985,1,0,0
Zambia,1986,1,2,0
Zambia,1987,1,0,0
Zambia,1988,5,9,18
Zambia,1989,18,33,11
Zambia,1990,4,20,22
Zambia,1995,1,0,0
Zambia,1996,4,0,8
Zambia,1999,7,1,1
Zambia,2000,8,0,2
Zambia,2002,1,0,0
Zambia,2017,2,0,0
Zimbabwe,1980,14,13,75
Zimbabwe,1981,9,13,0
Zimbabwe,1982,12,22,0
Zimbabwe,1983,6,11,3
Zimbabwe,1984,3,4,0
Zimbabwe,1985,1,5,0
Zimbabwe,1986,1,1,0
Zimbabwe,1987,11,35,19
Zimbabwe,1988,1,2,3
Zimbabwe,1989,3,21,9
Zimbabwe,1990,6,9,14
Zimbabwe,1991,1,0,0
Zimbabwe,1992,1,0,0
Zimbabwe,1994,1,0,25
Zimbabwe,1995,2,0,1
Zimbabwe,2000,1,0,0
Zimbabwe,2001,3,1,0
Zimbabwe,2002,8,8,49
Zimbabwe,2003,1,0,8
Zimbabwe,2006,1,0,5
Zimbabwe,2007,1,0,0
Zimbabwe,2008,5,7,8
Zimbabwe,2010,1,1,1
Zimbabwe,2011,1,0,0
Zimbabwe,2013,3,1,1
Zimbabwe,2014,1,0,0
Zimbabwe,2017,3,0,1
Zimbabwe,2018,2,2,47
